data,lan√ßamento,ag./origem,valor (R$),saldos (R$),nome_arquivo,data_base
31/12/2024,SALDO ANTERIOR,,,-4631.68,custo_2025_01.xls,01/01/2025
02/01/2025,ELECTRONAP CONFIANC,9212,-44.47,,custo_2025_01.xls,01/01/2025
02/01/2025,PIX QRS Uber01/01,9123,-23.9,,custo_2025_01.xls,01/01/2025
02/01/2025,DEV PIX Uber01/01,9130,23.9,,custo_2025_01.xls,01/01/2025
02/01/2025,SABESP      3082129325,9293,-227.21,,custo_2025_01.xls,01/01/2025
02/01/2025,SALDO DO DIA,,,-4903.36,custo_2025_01.xls,01/01/2025
03/01/2025,IOF,,-40.46,,custo_2025_01.xls,01/01/2025
03/01/2025,ELECTRONDanielGoisB,9212,-6.0,,custo_2025_01.xls,01/01/2025
03/01/2025,ELECTRONErotidesLim,9212,-8.0,,custo_2025_01.xls,01/01/2025
03/01/2025,ELECTRONErotidesLim,9212,-15.0,,custo_2025_01.xls,01/01/2025
03/01/2025,ELECTRONPCA N MUNDO,9212,-16.57,,custo_2025_01.xls,01/01/2025
03/01/2025,ELECTRONSUPERMERCAD,9212,-107.41,,custo_2025_01.xls,01/01/2025
03/01/2025,ELECTRONURBIA GESTA,9212,-42.0,,custo_2025_01.xls,01/01/2025
03/01/2025,ELECTRONVENTURINI C,9212,-45.0,,custo_2025_01.xls,01/01/2025
03/01/2025,PAGTO SALARIO,1268,2823.75,,custo_2025_01.xls,01/01/2025
03/01/2025,PIX TRANSF  Caua We03/01,9028,10.0,,custo_2025_01.xls,01/01/2025
03/01/2025,TAR PACOTE ITAU   DEZ/24,9293,-92.5,,custo_2025_01.xls,01/01/2025
03/01/2025,SALDO DO DIA,,,-2442.55,custo_2025_01.xls,01/01/2025
06/01/2025,ELECTRONBURGER KING,9212,-15.9,,custo_2025_01.xls,01/01/2025
06/01/2025,ELECTRONFLAMENGO AC,9212,-20.0,,custo_2025_01.xls,01/01/2025
06/01/2025,ELECTRONFRIGOMUNDO,9212,-14.16,,custo_2025_01.xls,01/01/2025
06/01/2025,ELECTRONPADARIA DEL,9212,-39.99,,custo_2025_01.xls,01/01/2025
06/01/2025,ELECTRONPADARIA DEL,9212,-12.7,,custo_2025_01.xls,01/01/2025
06/01/2025,ELECTRONRS AVILA,9212,-61.48,,custo_2025_01.xls,01/01/2025
06/01/2025,ELECTRONSyscashtyck,9212,-8.0,,custo_2025_01.xls,01/01/2025
06/01/2025,ELECTRONSyscashtyck,9212,-20.0,,custo_2025_01.xls,01/01/2025
06/01/2025,ELECTRONSyscashtyck,9212,-31.0,,custo_2025_01.xls,01/01/2025
06/01/2025,PIX QRS Uber04/01,9131,-21.91,,custo_2025_01.xls,01/01/2025
06/01/2025,PIX TRANSF  ANDRE N06/01,9120,-100.0,,custo_2025_01.xls,01/01/2025
06/01/2025,PIX TRANSF  MICHELL06/01,9026,500.0,,custo_2025_01.xls,01/01/2025
06/01/2025,JUROS LIMITE DA CONTA,,-251.53,,custo_2025_01.xls,01/01/2025
06/01/2025,DA  CLARO MOVEL 46827990,9293,-57.29,,custo_2025_01.xls,01/01/2025
06/01/2025,SALDO DO DIA,,,-2596.51,custo_2025_01.xls,01/01/2025
07/01/2025,ELECTRONSyscashtyck,9212,-20.0,,custo_2025_01.xls,01/01/2025
07/01/2025,ELECTRONSyscashtyck,9212,-30.0,,custo_2025_01.xls,01/01/2025
07/01/2025,PIX QRS Uber07/01,9130,-18.91,,custo_2025_01.xls,01/01/2025
07/01/2025,PIX QRS Uber07/01,9128,-19.92,,custo_2025_01.xls,01/01/2025
07/01/2025,PIX QRS Uber07/01,9126,-18.96,,custo_2025_01.xls,01/01/2025
07/01/2025,DEV PIX Uber07/01,9953,18.96,,custo_2025_01.xls,01/01/2025
07/01/2025,SALDO DO DIA,,,-2685.34,custo_2025_01.xls,01/01/2025
08/01/2025,ELECTRONMINI EXTRA-,9212,-7.28,,custo_2025_01.xls,01/01/2025
08/01/2025,ELECTRONRS AVILA,9212,-98.9,,custo_2025_01.xls,01/01/2025
08/01/2025,ELECTRONRS AVILA,9212,-63.74,,custo_2025_01.xls,01/01/2025
08/01/2025,MOBILEPAG TIT BANCO 237,9123,-729.63,,custo_2025_01.xls,01/01/2025
08/01/2025,PIX TRANSF  REAL BR08/01,9131,-130.0,,custo_2025_01.xls,01/01/2025
08/01/2025,PIX TRANSF  JONY AL08/01,9120,50.0,,custo_2025_01.xls,01/01/2025
08/01/2025,PIX TRANSF  MAURINI08/01,9126,50.0,,custo_2025_01.xls,01/01/2025
08/01/2025,SALDO DO DIA,,,-3614.89,custo_2025_01.xls,01/01/2025
09/01/2025,ELECTRONRS AVILA,9212,-71.49,,custo_2025_01.xls,01/01/2025
09/01/2025,PIX TRANSF  Joao Br09/01,9327,50.0,,custo_2025_01.xls,01/01/2025
09/01/2025,PIX TRANSF  JOHANIS09/01,9925,50.0,,custo_2025_01.xls,01/01/2025
09/01/2025,SALDO DO DIA,,,-3586.38,custo_2025_01.xls,01/01/2025
10/01/2025,ELECTRONImperioAcai,9212,-42.0,,custo_2025_01.xls,01/01/2025
10/01/2025,ELECTRONRaizesMater,9212,-24.0,,custo_2025_01.xls,01/01/2025
10/01/2025,ELECTRONREAL BRASIL,9212,-18.0,,custo_2025_01.xls,01/01/2025
10/01/2025,ELECTRONSyscashtyck,9212,-15.0,,custo_2025_01.xls,01/01/2025
10/01/2025,ELECTRONSyscashtyck,9212,-12.0,,custo_2025_01.xls,01/01/2025
10/01/2025,ELECTRONSyscashtyck,9212,-32.0,,custo_2025_01.xls,01/01/2025
10/01/2025,PIX QRS Uber10/01,9131,-19.9,,custo_2025_01.xls,01/01/2025
10/01/2025,PIX QRS Uber10/01,9128,-19.97,,custo_2025_01.xls,01/01/2025
10/01/2025,PIX TRANSF  Joao Pe10/01,9125,15.0,,custo_2025_01.xls,01/01/2025
10/01/2025,PIX TRANSF  JOHANIS10/01,9014,15.0,,custo_2025_01.xls,01/01/2025
10/01/2025,PIX TRANSF  MARCOS 10/01,9925,15.0,,custo_2025_01.xls,01/01/2025
10/01/2025,SEGURO CARTAO,9293,-8.18,,custo_2025_01.xls,01/01/2025
10/01/2025,SALDO DO DIA,,,-3732.43,custo_2025_01.xls,01/01/2025
13/01/2025,ELECTRONANTONIO CHI,9212,-12.0,,custo_2025_01.xls,01/01/2025
13/01/2025,ELECTRONDULCE,9212,-24.0,,custo_2025_01.xls,01/01/2025
13/01/2025,ELECTRONFWD BOULEVA,9212,-47.73,,custo_2025_01.xls,01/01/2025
13/01/2025,ELECTRONHNA*OBOTICA,9212,-129.9,,custo_2025_01.xls,01/01/2025
13/01/2025,ELECTRONLUIZ ANTONI,9212,-50.0,,custo_2025_01.xls,01/01/2025
13/01/2025,ELECTRONMAIK GUSHI,9212,-20.0,,custo_2025_01.xls,01/01/2025
13/01/2025,ELECTRONMP*GILMAR15,9212,-5.0,,custo_2025_01.xls,01/01/2025
13/01/2025,ELECTRONOrielPereir,9212,-60.0,,custo_2025_01.xls,01/01/2025
13/01/2025,ELECTRONPkf,9212,-35.0,,custo_2025_01.xls,01/01/2025
13/01/2025,ELECTRONPG *TON CAS,9212,-15.0,,custo_2025_01.xls,01/01/2025
13/01/2025,ELECTRONPG *TON FEI,9212,-16.0,,custo_2025_01.xls,01/01/2025
13/01/2025,ELECTRONPONTO DA ES,9212,-84.0,,custo_2025_01.xls,01/01/2025
13/01/2025,ELECTRONPRICILA ELA,9212,-15.0,,custo_2025_01.xls,01/01/2025
13/01/2025,ELECTRONRobinson,9212,-30.0,,custo_2025_01.xls,01/01/2025
13/01/2025,ELECTRONRobsonHonor,9212,-27.0,,custo_2025_01.xls,01/01/2025
13/01/2025,ELECTRONRosileneDaS,9212,-10.0,,custo_2025_01.xls,01/01/2025
13/01/2025,ELECTRONSyscashtyck,9212,-16.0,,custo_2025_01.xls,01/01/2025
13/01/2025,ELECTRONSP SAO PAUL,9212,-13.9,,custo_2025_01.xls,01/01/2025
13/01/2025,ELECTRONTATUAPE 2 P,9212,-9.9,,custo_2025_01.xls,01/01/2025
13/01/2025,PIX QRS Jose August13/01,9120,-4.0,,custo_2025_01.xls,01/01/2025
13/01/2025,PIX QRS Uber13/01,9779,-15.91,,custo_2025_01.xls,01/01/2025
13/01/2025,PIX QRS Uber13/01,9122,-18.91,,custo_2025_01.xls,01/01/2025
13/01/2025,PIX QRS Uber13/01,9129,-15.98,,custo_2025_01.xls,01/01/2025
13/01/2025,DEV PIX Uber13/01,9129,15.91,,custo_2025_01.xls,01/01/2025
13/01/2025,PIX TRANSF  MARCELO13/01,9121,50.0,,custo_2025_01.xls,01/01/2025
13/01/2025,PIX TRANSF  MICHELL11/01,9129,40.0,,custo_2025_01.xls,01/01/2025
13/01/2025,DEB AUTOR UNICEF,9293,-85.0,,custo_2025_01.xls,01/01/2025
13/01/2025,SALDO DO DIA,,,-4386.75,custo_2025_01.xls,01/01/2025
14/01/2025,ELECTRONBB TRANSPOR,9212,-20.0,,custo_2025_01.xls,01/01/2025
14/01/2025,ELECTRONMETRO SAO P,9212,-10.0,,custo_2025_01.xls,01/01/2025
14/01/2025,ELECTRONReginaldoca,9212,-8.0,,custo_2025_01.xls,01/01/2025
14/01/2025,ELECTRONRC CONFEITA,9212,-20.0,,custo_2025_01.xls,01/01/2025
14/01/2025,ELECTRONRESTAURANTE,9212,-37.0,,custo_2025_01.xls,01/01/2025
14/01/2025,PIX TRANSF  THIAGO 14/01,9773,50.0,,custo_2025_01.xls,01/01/2025
14/01/2025,SALDO DO DIA,,,-4431.75,custo_2025_01.xls,01/01/2025
15/01/2025,ELECTRONRS AVILA,9212,-94.12,,custo_2025_01.xls,01/01/2025
15/01/2025,PAGTO ADIANT SALARIAL,1268,3567.04,,custo_2025_01.xls,01/01/2025
15/01/2025,PIX TRANSF  JULIANO15/01,9014,50.0,,custo_2025_01.xls,01/01/2025
15/01/2025,DA  CLARO MOVEL 66459258,9293,-149.9,,custo_2025_01.xls,01/01/2025
15/01/2025,SALDO DO DIA,,,-1058.73,custo_2025_01.xls,01/01/2025
16/01/2025,ELECTRONPadariaChar,9212,-60.0,,custo_2025_01.xls,01/01/2025
16/01/2025,ELECTRONQUITANDA E,9212,-21.9,,custo_2025_01.xls,01/01/2025
16/01/2025,PIX QRS CEA PAY FUN16/01,9127,-205.07,,custo_2025_01.xls,01/01/2025
16/01/2025,INT ITAU VISA,4175,-664.41,,custo_2025_01.xls,01/01/2025
16/01/2025,PIX TRANSF  Anselmo16/01,9136,50.0,,custo_2025_01.xls,01/01/2025
16/01/2025,SALDO DO DIA,,,-1960.11,custo_2025_01.xls,01/01/2025
17/01/2025,SAQUE BANCO24H517982762,9122,-50.0,,custo_2025_01.xls,01/01/2025
17/01/2025,ELECTRONLA ITALIA,9212,-12.0,,custo_2025_01.xls,01/01/2025
17/01/2025,ELECTRONRS AVILA,9212,-82.16,,custo_2025_01.xls,01/01/2025
17/01/2025,ELECTRON48 882 424,9212,-100.0,,custo_2025_01.xls,01/01/2025
17/01/2025,PIX QRS 52 052 824 17/01,9120,-84.8,,custo_2025_01.xls,01/01/2025
17/01/2025,PIX TRANSF  REAL BR17/01,9953,-800.0,,custo_2025_01.xls,01/01/2025
17/01/2025,PIX TRANSF  CLAUDIO17/01,9136,30.0,,custo_2025_01.xls,01/01/2025
17/01/2025,PIX TRANSF  COSME J17/01,9026,50.0,,custo_2025_01.xls,01/01/2025
17/01/2025,PIX TRANSF  Iego Ke17/01,9327,50.0,,custo_2025_01.xls,01/01/2025
17/01/2025,PIX TRANSF  IGOR MO17/01,9122,50.0,,custo_2025_01.xls,01/01/2025
17/01/2025,DA  ELETROPAULO 11701161,9293,-111.76,,custo_2025_01.xls,01/01/2025
17/01/2025,SALDO DO DIA,,,-3020.83,custo_2025_01.xls,01/01/2025
20/01/2025,ELECTRONBarracaDoCu,9212,-5.0,,custo_2025_01.xls,01/01/2025
20/01/2025,ELECTRONBANANAS ANA,9212,-10.0,,custo_2025_01.xls,01/01/2025
20/01/2025,ELECTRONCarlosDiyod,9212,-13.0,,custo_2025_01.xls,01/01/2025
20/01/2025,ELECTRONDROGARIA SA,9212,-49.99,,custo_2025_01.xls,01/01/2025
20/01/2025,ELECTRONImperioAcai,9212,-14.0,,custo_2025_01.xls,01/01/2025
20/01/2025,ELECTRONMP*ORIEL,9212,-60.0,,custo_2025_01.xls,01/01/2025
20/01/2025,ELECTRONNiwsonYoshi,9212,-30.0,,custo_2025_01.xls,01/01/2025
20/01/2025,ELECTRONPG *TON CAS,9212,-23.0,,custo_2025_01.xls,01/01/2025
20/01/2025,ELECTRONPG *TON FEI,9212,-16.0,,custo_2025_01.xls,01/01/2025
20/01/2025,ELECTRONRobinson,9212,-30.0,,custo_2025_01.xls,01/01/2025
20/01/2025,ELECTRONRobsonHonor,9212,-27.0,,custo_2025_01.xls,01/01/2025
20/01/2025,ELECTRONRosileneDaS,9212,-10.0,,custo_2025_01.xls,01/01/2025
20/01/2025,ELECTRONTHIEMI COME,9212,-17.5,,custo_2025_01.xls,01/01/2025
20/01/2025,PIX QRS Uber19/01,9028,-16.94,,custo_2025_01.xls,01/01/2025
20/01/2025,PIX TRANSF  ANDRE N18/01,9121,-50.0,,custo_2025_01.xls,01/01/2025
20/01/2025,PIX TRANSF  IMW 3 R20/01,9121,-100.0,,custo_2025_01.xls,01/01/2025
20/01/2025,PIX TRANSF  Real Br20/01,9122,-25.0,,custo_2025_01.xls,01/01/2025
20/01/2025,PIX TRANSF  SEBASTI20/01,9327,-50.0,,custo_2025_01.xls,01/01/2025
20/01/2025,DA  NET SERVICOS 5680788,9293,-235.82,,custo_2025_01.xls,01/01/2025
20/01/2025,SALDO DO DIA,,,-3804.08,custo_2025_01.xls,01/01/2025
21/01/2025,ELECTRONPadariaChar,9212,-38.1,,custo_2025_01.xls,01/01/2025
21/01/2025,SALDO DO DIA,,,-3842.18,custo_2025_01.xls,01/01/2025
22/01/2025,ELECTRONREAL BRASIL,9212,-8.0,,custo_2025_01.xls,01/01/2025
22/01/2025,ELECTRONREAL BRASIL,9212,-8.0,,custo_2025_01.xls,01/01/2025
22/01/2025,ELECTRONRS AVILA,9212,-71.31,,custo_2025_01.xls,01/01/2025
22/01/2025,PIX QRS SAFE2PAY22/01,9773,-180.0,,custo_2025_01.xls,01/01/2025
22/01/2025,SALDO DO DIA,,,-4109.49,custo_2025_01.xls,01/01/2025
23/01/2025,FINANC IMOBILIARIO   034,9128,-2763.15,,custo_2025_01.xls,01/01/2025
23/01/2025,ELECTRONRESTAURANTE,9212,-34.0,,custo_2025_01.xls,01/01/2025
23/01/2025,ELECTRONSUPER BIG1,9212,-97.7,,custo_2025_01.xls,01/01/2025
23/01/2025,DA  COMGAS 51448254,9293,-302.81,,custo_2025_01.xls,01/01/2025
23/01/2025,SALDO DO DIA,,,-7307.15,custo_2025_01.xls,01/01/2025
24/01/2025,ELECTRONDROGARIA SA,9212,-37.8,,custo_2025_01.xls,01/01/2025
24/01/2025,ELECTRONRS AVILA,9212,-41.46,,custo_2025_01.xls,01/01/2025
24/01/2025,PIX TRANSF  erlonds24/01,9026,-40.0,,custo_2025_01.xls,01/01/2025
24/01/2025,SALDO DO DIA,,,-7426.41,custo_2025_01.xls,01/01/2025
27/01/2025,ELECTRONREAL BRASIL,9212,-1.6,,custo_2025_01.xls,01/01/2025
27/01/2025,PIX TRANSF  ANDRE N27/01,9121,-100.0,,custo_2025_01.xls,01/01/2025
27/01/2025,PIX TRANSF  RAFAEL 26/01,9127,-57.0,,custo_2025_01.xls,01/01/2025
27/01/2025,SALDO DO DIA,,,-7585.01,custo_2025_01.xls,01/01/2025
30/01/2025,ELECTRONBB TRANSPOR,9212,-20.0,,custo_2025_01.xls,01/01/2025
30/01/2025,ELECTRONJosismarMor,9212,-21.0,,custo_2025_01.xls,01/01/2025
30/01/2025,ELECTRONJK MINI MER,9212,-9.5,,custo_2025_01.xls,01/01/2025
30/01/2025,ELECTRONRESTAURANTE,9212,-32.0,,custo_2025_01.xls,01/01/2025
30/01/2025,SALDO DO DIA,,,-7667.51,custo_2025_01.xls,01/01/2025
31/01/2025,ELECTRONAdministrad,9212,-29.0,,custo_2025_01.xls,01/01/2025
31/01/2025,ELECTRONALESSANDRA,9212,-31.0,,custo_2025_01.xls,01/01/2025
31/01/2025,ELECTRONESBELA FORN,9212,-50.0,,custo_2025_01.xls,01/01/2025
31/01/2025,ELECTRONMETRO SAO P,9212,-30.0,,custo_2025_01.xls,01/01/2025
31/01/2025,ELECTRONMETRO SAO P,9212,-20.0,,custo_2025_01.xls,01/01/2025
31/01/2025,ELECTRON35583925Ped,9212,-28.5,,custo_2025_01.xls,01/01/2025
31/01/2025,SALDO DO DIA,,,-7856.01,custo_2025_01.xls,01/01/2025
31/01/2025,SALDO ANTERIOR,,,-7856.01,custo_2025_02.xls,01/02/2025
03/02/2025,ELECTRONImw3RVilaNi,9212,-10.0,,custo_2025_02.xls,01/02/2025
03/02/2025,ELECTRONNM PIZZARIA,9212,-47.9,,custo_2025_02.xls,01/02/2025
03/02/2025,ELECTRONREAL BRASIL,9212,-3.0,,custo_2025_02.xls,01/02/2025
03/02/2025,ELECTRONRESTAURANTE,9212,-39.9,,custo_2025_02.xls,01/02/2025
03/02/2025,ELECTRONRESTAURANTE,9212,-110.6,,custo_2025_02.xls,01/02/2025
03/02/2025,ELECTRONRS AVILA,9212,-68.28,,custo_2025_02.xls,01/02/2025
03/02/2025,ELECTRON35583925Ped,9212,-5.0,,custo_2025_02.xls,01/02/2025
03/02/2025,PIX QRS LEANDRO DE 01/02,9121,-10.0,,custo_2025_02.xls,01/02/2025
03/02/2025,PIX QRS Zoop Tecnol03/02,9128,-20.0,,custo_2025_02.xls,01/02/2025
03/02/2025,PIX TRANSF  IMW 3 R02/02,9014,-20.0,,custo_2025_02.xls,01/02/2025
03/02/2025,TED 104.0000CAIXA ECON F,,789.47,,custo_2025_02.xls,01/02/2025
03/02/2025,SABESP      3082129325,9293,-227.21,,custo_2025_02.xls,01/02/2025
03/02/2025,SALDO DO DIA,,,-7628.43,custo_2025_02.xls,01/02/2025
04/02/2025,IOF,,-46.08,,custo_2025_02.xls,01/02/2025
04/02/2025,PIX TRANSF  Rafael 04/02,9128,-50.0,,custo_2025_02.xls,01/02/2025
04/02/2025,TAR PACOTE ITAU   JAN/25,9293,-92.5,,custo_2025_02.xls,01/02/2025
04/02/2025,SALDO DO DIA,,,-7817.01,custo_2025_02.xls,01/02/2025
05/02/2025,ELECTRONOGGI SORVET,9212,-61.96,,custo_2025_02.xls,01/02/2025
05/02/2025,ELECTRONRS AVILA,9212,-45.07,,custo_2025_02.xls,01/02/2025
05/02/2025,PAGTO SALARIO,1268,2528.83,,custo_2025_02.xls,01/02/2025
05/02/2025,JUROS LIMITE DA CONTA,,-404.57,,custo_2025_02.xls,01/02/2025
05/02/2025,DA  CLARO MOVEL 46827990,9293,-57.29,,custo_2025_02.xls,01/02/2025
05/02/2025,SALDO DO DIA,,,-5857.07,custo_2025_02.xls,01/02/2025
06/02/2025,ELECTRONLUIZ ANTONI,9212,-20.0,,custo_2025_02.xls,01/02/2025
06/02/2025,ELECTRONSUPER MERCA,9212,-112.43,,custo_2025_02.xls,01/02/2025
06/02/2025,ELECTRONWALQUIRIA C,9212,-79.9,,custo_2025_02.xls,01/02/2025
06/02/2025,SALDO DO DIA,,,-6069.4,custo_2025_02.xls,01/02/2025
07/02/2025,ELECTRONLUIZ ANTONI,9212,-23.0,,custo_2025_02.xls,01/02/2025
07/02/2025,ELECTRONSALAOAMIGOS,9212,-40.0,,custo_2025_02.xls,01/02/2025
07/02/2025,MOBILEPAG TIT BANCO 237,9026,-779.63,,custo_2025_02.xls,01/02/2025
07/02/2025,PIX TRANSF  REAL BR07/02,9132,-130.0,,custo_2025_02.xls,01/02/2025
07/02/2025,PIX TRANSF  Kaua Sa07/02,9123,50.0,,custo_2025_02.xls,01/02/2025
07/02/2025,SALDO DO DIA,,,-6992.03,custo_2025_02.xls,01/02/2025
10/02/2025,ELECTRONATACADAO 06,9212,-246.42,,custo_2025_02.xls,01/02/2025
10/02/2025,ELECTRONFDI FERNAO,9212,-36.9,,custo_2025_02.xls,01/02/2025
10/02/2025,ELECTRONTEMPLU DO H,9212,-255.0,,custo_2025_02.xls,01/02/2025
10/02/2025,PIX TRANSF  Andrea 08/02,9014,50.0,,custo_2025_02.xls,01/02/2025
10/02/2025,PIX TRANSF  Joao Br10/02,9128,50.0,,custo_2025_02.xls,01/02/2025
10/02/2025,PIX TRANSF  JOHANIS10/02,9120,50.0,,custo_2025_02.xls,01/02/2025
10/02/2025,PIX TRANSF  JONY AL10/02,9126,50.0,,custo_2025_02.xls,01/02/2025
10/02/2025,PIX TRANSF  LUCIANO10/02,9136,50.0,,custo_2025_02.xls,01/02/2025
10/02/2025,PIX TRANSF  LUCIANO10/02,9014,30.0,,custo_2025_02.xls,01/02/2025
10/02/2025,PIX TRANSF  MAURINI10/02,9123,50.0,,custo_2025_02.xls,01/02/2025
10/02/2025,SEGURO CARTAO,9293,-8.18,,custo_2025_02.xls,01/02/2025
10/02/2025,SALDO DO DIA,,,-7208.53,custo_2025_02.xls,01/02/2025
11/02/2025,ELECTRONMETRO SAO P,9212,-10.0,,custo_2025_02.xls,01/02/2025
11/02/2025,ELECTRONMETRO SAO P,9212,-30.0,,custo_2025_02.xls,01/02/2025
11/02/2025,ELECTRONRESTAURANTE,9212,-32.0,,custo_2025_02.xls,01/02/2025
11/02/2025,SALDO DO DIA,,,-7280.53,custo_2025_02.xls,01/02/2025
12/02/2025,PIX QRS Uber12/02,9123,-10.97,,custo_2025_02.xls,01/02/2025
12/02/2025,DEB AUTOR UNICEF,9293,-85.0,,custo_2025_02.xls,01/02/2025
12/02/2025,SALDO DO DIA,,,-7376.5,custo_2025_02.xls,01/02/2025
13/02/2025,ELECTRONCARREFOUR X,9212,-44.29,,custo_2025_02.xls,01/02/2025
13/02/2025,ELECTRONGRUPO MSC,9212,-42.0,,custo_2025_02.xls,01/02/2025
13/02/2025,ELECTRONQUITANDA E,9212,-8.9,,custo_2025_02.xls,01/02/2025
13/02/2025,ELECTRONQUITANDA E,9212,-6.95,,custo_2025_02.xls,01/02/2025
13/02/2025,SALDO DO DIA,,,-7478.64,custo_2025_02.xls,01/02/2025
14/02/2025,ELECTRONREAL BRASIL,9212,-29.0,,custo_2025_02.xls,01/02/2025
14/02/2025,PAGTO ADIANT SALARIAL,1268,4280.44,,custo_2025_02.xls,01/02/2025
14/02/2025,PIX TRANSF  Fabio G14/02,9121,50.0,,custo_2025_02.xls,01/02/2025
14/02/2025,PIX TRANSF  JULIANO14/02,9121,70.0,,custo_2025_02.xls,01/02/2025
14/02/2025,PIX TRANSF  LUCIANO14/02,9121,50.0,,custo_2025_02.xls,01/02/2025
14/02/2025,PIX TRANSF  MARCELO14/02,9925,50.0,,custo_2025_02.xls,01/02/2025
14/02/2025,PIX TRANSF  SMART A14/02,9953,50.0,,custo_2025_02.xls,01/02/2025
14/02/2025,PIX TRANSF  THIAGO 14/02,9122,50.0,,custo_2025_02.xls,01/02/2025
14/02/2025,SALDO DO DIA,,,-2907.2,custo_2025_02.xls,01/02/2025
17/02/2025,ELECTRONBANANAS ANA,9212,-20.0,,custo_2025_02.xls,01/02/2025
17/02/2025,ELECTRONCarlosDiyod,9212,-12.0,,custo_2025_02.xls,01/02/2025
17/02/2025,ELECTRONCASSIO ANDR,9212,-8.0,,custo_2025_02.xls,01/02/2025
17/02/2025,ELECTRONFEIRANTES,9212,-20.0,,custo_2025_02.xls,01/02/2025
17/02/2025,ELECTRONMINI EXTRA-,9212,-19.99,,custo_2025_02.xls,01/02/2025
17/02/2025,ELECTRONMP*GILMAR15,9212,-5.0,,custo_2025_02.xls,01/02/2025
17/02/2025,ELECTRONMP*ORIEL,9212,-50.0,,custo_2025_02.xls,01/02/2025
17/02/2025,ELECTRONOrielPereir,9212,-22.0,,custo_2025_02.xls,01/02/2025
17/02/2025,ELECTRONPanetteriaN,9212,-27.0,,custo_2025_02.xls,01/02/2025
17/02/2025,ELECTRONPADARIA DEL,9212,-43.99,,custo_2025_02.xls,01/02/2025
17/02/2025,ELECTRONRobinson,9212,-30.0,,custo_2025_02.xls,01/02/2025
17/02/2025,ELECTRONRosileneDaS,9212,-10.0,,custo_2025_02.xls,01/02/2025
17/02/2025,ELECTRONRS AVILA,9212,-33.79,,custo_2025_02.xls,01/02/2025
17/02/2025,ELECTRONThiemiComer,9212,-49.0,,custo_2025_02.xls,01/02/2025
17/02/2025,PIX QRS CEA PAY FUN16/02,9327,-211.32,,custo_2025_02.xls,01/02/2025
17/02/2025,PIX QRS Uber16/02,9925,-16.96,,custo_2025_02.xls,01/02/2025
17/02/2025,PIX QRS Uber16/02,9029,-17.97,,custo_2025_02.xls,01/02/2025
17/02/2025,PIX QRS Uber17/02,9136,-26.92,,custo_2025_02.xls,01/02/2025
17/02/2025,PIX QRS Uber17/02,9773,-10.97,,custo_2025_02.xls,01/02/2025
17/02/2025,PIX TRANSF  EDSON P15/02,9132,-30.0,,custo_2025_02.xls,01/02/2025
17/02/2025,PIX TRANSF  IMW 3 R16/02,9122,-100.0,,custo_2025_02.xls,01/02/2025
17/02/2025,PIX TRANSF  REAL BR17/02,9123,-800.0,,custo_2025_02.xls,01/02/2025
17/02/2025,INT ITAU VISA,4175,-1107.34,,custo_2025_02.xls,01/02/2025
17/02/2025,PIX TRANSF  MICHELL15/02,9127,120.0,,custo_2025_02.xls,01/02/2025
17/02/2025,PIX TRANSF  RAFAEL 17/02,9327,50.0,,custo_2025_02.xls,01/02/2025
17/02/2025,DA  CLARO MOVEL 66459258,9293,-149.9,,custo_2025_02.xls,01/02/2025
17/02/2025,SALDO DO DIA,,,-5559.35,custo_2025_02.xls,01/02/2025
18/02/2025,ELECTRONARIZONA PAE,9212,-45.75,,custo_2025_02.xls,01/02/2025
18/02/2025,ELECTRONDROGARIA SA,9212,-110.56,,custo_2025_02.xls,01/02/2025
18/02/2025,SALDO DO DIA,,,-5715.66,custo_2025_02.xls,01/02/2025
19/02/2025,ELECTRONOGGI SORVET,9212,-38.49,,custo_2025_02.xls,01/02/2025
19/02/2025,ELECTRONRS AVILA,9212,-59.34,,custo_2025_02.xls,01/02/2025
19/02/2025,PIX TRANSF  ANDRE N19/02,9029,-30.0,,custo_2025_02.xls,01/02/2025
19/02/2025,SALDO DO DIA,,,-5843.49,custo_2025_02.xls,01/02/2025
20/02/2025,ELECTRONRS AVILA,9212,-33.37,,custo_2025_02.xls,01/02/2025
20/02/2025,DA  ELETROPAULO 11701161,9293,-97.58,,custo_2025_02.xls,01/02/2025
20/02/2025,DA  NET SERVICOS 5680788,9293,-236.39,,custo_2025_02.xls,01/02/2025
20/02/2025,SALDO DO DIA,,,-6210.83,custo_2025_02.xls,01/02/2025
21/02/2025,ELECTRONBB TRANSPOR,9212,-20.0,,custo_2025_02.xls,01/02/2025
21/02/2025,ELECTRONREAL BRASIL,9212,-18.0,,custo_2025_02.xls,01/02/2025
21/02/2025,ELECTRONRESTAURANTE,9212,-32.0,,custo_2025_02.xls,01/02/2025
21/02/2025,ELECTRONRS AVILA,9212,-60.26,,custo_2025_02.xls,01/02/2025
21/02/2025,SALDO DO DIA,,,-6341.09,custo_2025_02.xls,01/02/2025
24/02/2025,FINANC IMOBILIARIO   035,9925,-2761.45,,custo_2025_02.xls,01/02/2025
24/02/2025,ELECTRONGALPAO GAUC,9212,-8.72,,custo_2025_02.xls,01/02/2025
24/02/2025,ELECTRONPONTO DA ES,9212,-51.0,,custo_2025_02.xls,01/02/2025
24/02/2025,ELECTRONRS AVILA,9212,-30.58,,custo_2025_02.xls,01/02/2025
24/02/2025,ELECTRONSUPER MERCA,9212,-60.87,,custo_2025_02.xls,01/02/2025
24/02/2025,ELECTRONTRM - TRIMA,9212,-16.9,,custo_2025_02.xls,01/02/2025
24/02/2025,PIX TRANSF  Ademar 23/02,9123,-20.0,,custo_2025_02.xls,01/02/2025
24/02/2025,PIX TRANSF  ANDRE N22/02,9014,-50.0,,custo_2025_02.xls,01/02/2025
24/02/2025,PIX TRANSF  ELIZABE22/02,9327,-1000.0,,custo_2025_02.xls,01/02/2025
24/02/2025,DA  COMGAS 51448254,9293,-200.73,,custo_2025_02.xls,01/02/2025
24/02/2025,SALDO DO DIA,,,-10541.34,custo_2025_02.xls,01/02/2025
25/02/2025,ELECTRONBB TRANSPOR,9212,-20.0,,custo_2025_02.xls,01/02/2025
25/02/2025,ELECTRONRESTAURANTE,9212,-32.0,,custo_2025_02.xls,01/02/2025
25/02/2025,SALDO DO DIA,,,-10593.34,custo_2025_02.xls,01/02/2025
26/02/2025,PIX TRANSF  ANDRE N26/02,9122,-50.0,,custo_2025_02.xls,01/02/2025
26/02/2025,PIX TRANSF  Joao Br26/02,9132,1.0,,custo_2025_02.xls,01/02/2025
26/02/2025,SALDO DO DIA,,,-10642.34,custo_2025_02.xls,01/02/2025
27/02/2025,ELECTRONRESTAURANTE,9212,-32.0,,custo_2025_02.xls,01/02/2025
27/02/2025,SALDO DO DIA,,,-10674.34,custo_2025_02.xls,01/02/2025
28/02/2025,PIX TRANSF  LUCIANO28/02,9131,50.0,,custo_2025_02.xls,01/02/2025
28/02/2025,PIX TRANSF  MICHELL28/02,9129,600.0,,custo_2025_02.xls,01/02/2025
28/02/2025,SALDO DO DIA,,,-10024.34,custo_2025_02.xls,01/02/2025
28/02/2025,SALDO ANTERIOR,,,-10024.34,custo_2025_03.xls,01/03/2025
05/03/2025,ELECTRONROTISSERIE,9212,-95.0,,custo_2025_03.xls,01/03/2025
05/03/2025,PIX TRANSF  ERLONDS05/03,9779,-40.0,,custo_2025_03.xls,01/03/2025
05/03/2025,PAGTO SALARIO,1268,2738.03,,custo_2025_03.xls,01/03/2025
05/03/2025,JUROS LIMITE DA CONTA,,-592.41,,custo_2025_03.xls,01/03/2025
05/03/2025,SABESP      3082129325,9293,-197.1,,custo_2025_03.xls,01/03/2025
05/03/2025,DA  CLARO MOVEL 46827990,9293,-57.29,,custo_2025_03.xls,01/03/2025
05/03/2025,SALDO DO DIA,,,-8268.11,custo_2025_03.xls,01/03/2025
06/03/2025,IOF,,-52.52,,custo_2025_03.xls,01/03/2025
06/03/2025,MOBILEPAG TIT BANCO 237,9026,-729.63,,custo_2025_03.xls,01/03/2025
06/03/2025,PIX TRANSF  REAL BR06/03,9953,-130.0,,custo_2025_03.xls,01/03/2025
06/03/2025,PIX TRANSF  CAIXA E06/03,9126,924.5,,custo_2025_03.xls,01/03/2025
06/03/2025,PIX TRANSF  Fabio G06/03,9132,100.0,,custo_2025_03.xls,01/03/2025
06/03/2025,PIX TRANSF  Kaua Sa06/03,9128,50.0,,custo_2025_03.xls,01/03/2025
06/03/2025,TAR PACOTE ITAU   FEV/25,9293,-92.5,,custo_2025_03.xls,01/03/2025
06/03/2025,SALDO DO DIA,,,-8198.26,custo_2025_03.xls,01/03/2025
07/03/2025,ELECTRONBB TRANSPOR,9212,-10.0,,custo_2025_03.xls,01/03/2025
07/03/2025,ELECTRONPERTO SA,9212,-50.0,,custo_2025_03.xls,01/03/2025
07/03/2025,ELECTRONRESTAURANTE,9212,-32.0,,custo_2025_03.xls,01/03/2025
07/03/2025,PIX TRANSF  Fabio G07/03,9327,-50.0,,custo_2025_03.xls,01/03/2025
07/03/2025,PIX TRANSF  MAURINI07/03,9136,50.0,,custo_2025_03.xls,01/03/2025
07/03/2025,SALDO DO DIA,,,-8290.26,custo_2025_03.xls,01/03/2025
10/03/2025,ELECTRONAdrianamarq,9212,-10.0,,custo_2025_03.xls,01/03/2025
10/03/2025,ELECTRONANTONIO CHI,9212,-48.0,,custo_2025_03.xls,01/03/2025
10/03/2025,ELECTRONBarracaDoLu,9212,-10.0,,custo_2025_03.xls,01/03/2025
10/03/2025,ELECTRONCarlosDiyod,9212,-10.0,,custo_2025_03.xls,01/03/2025
10/03/2025,ELECTRONCALDOS MANA,9212,-22.0,,custo_2025_03.xls,01/03/2025
10/03/2025,ELECTRONCASSIO ANDR,9212,-28.0,,custo_2025_03.xls,01/03/2025
10/03/2025,ELECTRONDIEGO PEREI,9212,-20.0,,custo_2025_03.xls,01/03/2025
10/03/2025,ELECTRONFEIRANTES,9212,-8.0,,custo_2025_03.xls,01/03/2025
10/03/2025,ELECTRONMAURO CHAPO,9212,-54.98,,custo_2025_03.xls,01/03/2025
10/03/2025,ELECTRONMP*GILMAR15,9212,-5.0,,custo_2025_03.xls,01/03/2025
10/03/2025,ELECTRONMP*MANOEL,9212,-10.0,,custo_2025_03.xls,01/03/2025
10/03/2025,ELECTRONMP*MIZINHA,9212,-25.0,,custo_2025_03.xls,01/03/2025
10/03/2025,ELECTRONOrielPereir,9212,-43.0,,custo_2025_03.xls,01/03/2025
10/03/2025,ELECTRONPRICILA ELA,9212,-15.0,,custo_2025_03.xls,01/03/2025
10/03/2025,ELECTRONRobinson,9212,-30.0,,custo_2025_03.xls,01/03/2025
10/03/2025,ELECTRONRosileneDaS,9212,-13.0,,custo_2025_03.xls,01/03/2025
10/03/2025,ELECTRONREAL BRASIL,9212,-12.8,,custo_2025_03.xls,01/03/2025
10/03/2025,ELECTRONThiemiComer,9212,-37.0,,custo_2025_03.xls,01/03/2025
10/03/2025,PIX TRANSF  IMW 3 R09/03,9028,-100.0,,custo_2025_03.xls,01/03/2025
10/03/2025,PIX TRANSF  Real Br10/03,9121,-140.0,,custo_2025_03.xls,01/03/2025
10/03/2025,SEGURO CARTAO,9293,-8.18,,custo_2025_03.xls,01/03/2025
10/03/2025,SALDO DO DIA,,,-8940.22,custo_2025_03.xls,01/03/2025
11/03/2025,ELECTRONRESTAURANTE,9212,-32.0,,custo_2025_03.xls,01/03/2025
11/03/2025,PIX QRS BB TRANSPOR11/03,9925,-20.2,,custo_2025_03.xls,01/03/2025
11/03/2025,PIX TRANSF  JOAO BR11/03,9122,50.0,,custo_2025_03.xls,01/03/2025
11/03/2025,PIX TRANSF  JOHANIS11/03,9122,50.0,,custo_2025_03.xls,01/03/2025
11/03/2025,PIX TRANSF  JONY AL11/03,9026,50.0,,custo_2025_03.xls,01/03/2025
11/03/2025,SALDO DO DIA,,,-8842.42,custo_2025_03.xls,01/03/2025
12/03/2025,PIX TRANSF  ANDRE N12/03,9120,-50.0,,custo_2025_03.xls,01/03/2025
12/03/2025,PIX TRANSF  JULIANO12/03,9120,50.0,,custo_2025_03.xls,01/03/2025
12/03/2025,PIX TRANSF  MARCELO12/03,9131,50.0,,custo_2025_03.xls,01/03/2025
12/03/2025,DEB AUTOR UNICEF,9293,-85.0,,custo_2025_03.xls,01/03/2025
12/03/2025,SALDO DO DIA,,,-8877.42,custo_2025_03.xls,01/03/2025
13/03/2025,ELECTRONBAR NOVO RE,9212,-11.5,,custo_2025_03.xls,01/03/2025
13/03/2025,ELECTRONDROGARIA SA,9212,-149.11,,custo_2025_03.xls,01/03/2025
13/03/2025,ELECTRONFRIGOMUNDO,9212,-29.69,,custo_2025_03.xls,01/03/2025
13/03/2025,ELECTRONMINI EXTRA-,9212,-20.57,,custo_2025_03.xls,01/03/2025
13/03/2025,ELECTRONRS AVILA,9212,-47.24,,custo_2025_03.xls,01/03/2025
13/03/2025,SALDO DO DIA,,,-9135.53,custo_2025_03.xls,01/03/2025
14/03/2025,ELECTRONREAL BRASIL,9212,-16.0,,custo_2025_03.xls,01/03/2025
14/03/2025,ELECTRONRS AVILA,9212,-67.19,,custo_2025_03.xls,01/03/2025
14/03/2025,PAGTO ADIANT SALARIAL,1268,4280.44,,custo_2025_03.xls,01/03/2025
14/03/2025,SALDO DO DIA,,,-4938.28,custo_2025_03.xls,01/03/2025
17/03/2025,ELECTRONCF RESTAURA,9212,-108.32,,custo_2025_03.xls,01/03/2025
17/03/2025,ELECTRONMariaDeFati,9212,-22.0,,custo_2025_03.xls,01/03/2025
17/03/2025,PIX QRS CEA PAY FUN15/03,9130,-205.05,,custo_2025_03.xls,01/03/2025
17/03/2025,PIX QRS Uber16/03,9327,-29.93,,custo_2025_03.xls,01/03/2025
17/03/2025,INT ITAU VISA,4175,-1841.76,,custo_2025_03.xls,01/03/2025
17/03/2025,DA  CLARO CELULAR  64592,9293,-160.24,,custo_2025_03.xls,01/03/2025
17/03/2025,SALDO DO DIA,,,-7305.58,custo_2025_03.xls,01/03/2025
18/03/2025,PIX TRANSF  THIAGO 18/03,9132,50.0,,custo_2025_03.xls,01/03/2025
18/03/2025,SALDO DO DIA,,,-7255.58,custo_2025_03.xls,01/03/2025
19/03/2025,ELECTRONRS AVILA,9212,-120.1,,custo_2025_03.xls,01/03/2025
19/03/2025,PIX QRS Zoop Tecnol19/03,9121,-20.0,,custo_2025_03.xls,01/03/2025
19/03/2025,DA  ELETROPAULO 11701161,9293,-143.47,,custo_2025_03.xls,01/03/2025
19/03/2025,SALDO DO DIA,,,-7539.15,custo_2025_03.xls,01/03/2025
20/03/2025,ELECTRONRS AVILA,9212,-51.98,,custo_2025_03.xls,01/03/2025
20/03/2025,DA  CLARO RESID 75680788,9293,-236.51,,custo_2025_03.xls,01/03/2025
20/03/2025,SALDO DO DIA,,,-7827.64,custo_2025_03.xls,01/03/2025
21/03/2025,ELECTRONBB TRANSPOR,9212,-30.0,,custo_2025_03.xls,01/03/2025
21/03/2025,ELECTRONBR2 BARUERI,9212,-20.0,,custo_2025_03.xls,01/03/2025
21/03/2025,ELECTRONPERTO SA,9212,-30.0,,custo_2025_03.xls,01/03/2025
21/03/2025,ELECTRONPERTO SA,9212,-50.0,,custo_2025_03.xls,01/03/2025
21/03/2025,ELECTRONREAL BRASIL,9212,-8.0,,custo_2025_03.xls,01/03/2025
21/03/2025,ELECTRONRESTAURANTE,9212,-36.5,,custo_2025_03.xls,01/03/2025
21/03/2025,PIX TRANSF  ELIZABE21/03,9773,-500.0,,custo_2025_03.xls,01/03/2025
21/03/2025,PIX TRANSF  REAL BR21/03,9123,-800.0,,custo_2025_03.xls,01/03/2025
21/03/2025,PIX TRANSF  JOHANIS21/03,9130,15.0,,custo_2025_03.xls,01/03/2025
21/03/2025,PIX TRANSF  LUCIANO21/03,9122,65.0,,custo_2025_03.xls,01/03/2025
21/03/2025,PIX TRANSF  MALCEMI21/03,9130,50.0,,custo_2025_03.xls,01/03/2025
21/03/2025,PIX TRANSF  MARCOS 21/03,9121,50.0,,custo_2025_03.xls,01/03/2025
21/03/2025,PIX TRANSF  SMART A21/03,9132,50.0,,custo_2025_03.xls,01/03/2025
21/03/2025,SALDO DO DIA,,,-9072.14,custo_2025_03.xls,01/03/2025
24/03/2025,FINANC IMOBILIARIO   036,9129,-2757.47,,custo_2025_03.xls,01/03/2025
24/03/2025,ELECTRONCASSIO ANDR,9212,-16.0,,custo_2025_03.xls,01/03/2025
24/03/2025,ELECTRONFEIRANTES,9212,-15.0,,custo_2025_03.xls,01/03/2025
24/03/2025,ELECTRONLuizaDeFati,9212,-10.0,,custo_2025_03.xls,01/03/2025
24/03/2025,ELECTRONMariaEdnaQu,9212,-15.0,,custo_2025_03.xls,01/03/2025
24/03/2025,ELECTRONMP*GILMAR15,9212,-5.0,,custo_2025_03.xls,01/03/2025
24/03/2025,ELECTRONMP*ORIEL,9212,-40.0,,custo_2025_03.xls,01/03/2025
24/03/2025,ELECTRONPanetteriaN,9212,-27.0,,custo_2025_03.xls,01/03/2025
24/03/2025,ELECTRONPanetteriaN,9212,-8.0,,custo_2025_03.xls,01/03/2025
24/03/2025,ELECTRONPkf,9212,-37.0,,custo_2025_03.xls,01/03/2025
24/03/2025,ELECTRONRobinson,9212,-47.0,,custo_2025_03.xls,01/03/2025
24/03/2025,ELECTRONRosileneDaS,9212,-13.0,,custo_2025_03.xls,01/03/2025
24/03/2025,ELECTRONREAL BRASIL,9212,-12.0,,custo_2025_03.xls,01/03/2025
24/03/2025,ELECTRONRS AVILA,9212,-50.42,,custo_2025_03.xls,01/03/2025
24/03/2025,ELECTRONRS AVILA,9212,-9.43,,custo_2025_03.xls,01/03/2025
24/03/2025,PIX TRANSF  IMW 3 R23/03,9136,-100.0,,custo_2025_03.xls,01/03/2025
24/03/2025,PIX TRANSF  IMW 3 R23/03,9327,-24.0,,custo_2025_03.xls,01/03/2025
24/03/2025,PIX TRANSF  Leonard23/03,9132,-20.0,,custo_2025_03.xls,01/03/2025
24/03/2025,PIX TRANSF  LUCIANO22/03,9327,50.0,,custo_2025_03.xls,01/03/2025
24/03/2025,SALDO DO DIA,,,-12228.46,custo_2025_03.xls,01/03/2025
25/03/2025,ELECTRONCARLA DORIG,9212,-21.8,,custo_2025_03.xls,01/03/2025
25/03/2025,ELECTRONCARLA DORIG,9212,-10.9,,custo_2025_03.xls,01/03/2025
25/03/2025,DA  COMGAS 51448254,9293,-212.61,,custo_2025_03.xls,01/03/2025
25/03/2025,SALDO DO DIA,,,-12473.77,custo_2025_03.xls,01/03/2025
26/03/2025,INT /SEFAZ-SP/DARE 25059,9327,-595.22,,custo_2025_03.xls,01/03/2025
26/03/2025,INT /SEFAZ-SP/DARE 25059,9028,-595.22,,custo_2025_03.xls,01/03/2025
26/03/2025,ELECTRONMINI EXTRA-,9212,-19.01,,custo_2025_03.xls,01/03/2025
26/03/2025,SALDO DO DIA,,,-13683.22,custo_2025_03.xls,01/03/2025
27/03/2025,ELECTRONEMPORIO BUO,9212,-15.7,,custo_2025_03.xls,01/03/2025
27/03/2025,ELECTRONMERLO'S PIZ,9212,-40.0,,custo_2025_03.xls,01/03/2025
27/03/2025,ELECTRONPERTO SA,9212,-20.0,,custo_2025_03.xls,01/03/2025
27/03/2025,ELECTRONPERTO SA,9212,-30.0,,custo_2025_03.xls,01/03/2025
27/03/2025,SALDO DO DIA,,,-13788.92,custo_2025_03.xls,01/03/2025
28/03/2025,ELECTRONLaysRosenoD,9212,-40.0,,custo_2025_03.xls,01/03/2025
28/03/2025,ELECTRONMP*CHURROSD,9212,-12.0,,custo_2025_03.xls,01/03/2025
28/03/2025,SALDO DO DIA,,,-13840.92,custo_2025_03.xls,01/03/2025
31/03/2025,ELECTRONBURGER KING,9212,-29.8,,custo_2025_03.xls,01/03/2025
31/03/2025,ELECTRONCLUBE REAL,9212,-5.0,,custo_2025_03.xls,01/03/2025
31/03/2025,ELECTRONFeiranteJam,9212,-16.0,,custo_2025_03.xls,01/03/2025
31/03/2025,ELECTRONLUIZ ANTONI,9212,-50.0,,custo_2025_03.xls,01/03/2025
31/03/2025,ELECTRONMINI EXTRA-,9212,-17.36,,custo_2025_03.xls,01/03/2025
31/03/2025,ELECTRONOGGI SORVET,9212,-28.99,,custo_2025_03.xls,01/03/2025
31/03/2025,ELECTRONPADARIA DEL,9212,-87.98,,custo_2025_03.xls,01/03/2025
31/03/2025,ELECTRONRS AVILA,9212,-22.73,,custo_2025_03.xls,01/03/2025
31/03/2025,PIX QRS Uber30/03,9131,-22.91,,custo_2025_03.xls,01/03/2025
31/03/2025,PIX QRS Uber30/03,9132,-14.97,,custo_2025_03.xls,01/03/2025
31/03/2025,PIX TRANSF  ANDRE N31/03,9129,-50.0,,custo_2025_03.xls,01/03/2025
31/03/2025,PIX TRANSF  MICHELL31/03,9131,600.0,,custo_2025_03.xls,01/03/2025
31/03/2025,SALDO DO DIA,,,-13586.66,custo_2025_03.xls,01/03/2025
31/03/2025,SALDO ANTERIOR,,,-13586.66,custo_2025_04.xls,01/04/2025
01/04/2025,SABESP      3082129325,9293,-197.1,,custo_2025_04.xls,01/04/2025
01/04/2025,SALDO DO DIA,,,-13783.76,custo_2025_04.xls,01/04/2025
02/04/2025,IOF,,-62.25,,custo_2025_04.xls,01/04/2025
02/04/2025,TAR PACOTE ITAU   MAR/25,9293,-92.5,,custo_2025_04.xls,01/04/2025
02/04/2025,SALDO DO DIA,,,-13938.51,custo_2025_04.xls,01/04/2025
03/04/2025,PIX QRS Uber03/04,9925,-23.91,,custo_2025_04.xls,01/04/2025
03/04/2025,PIX QRS Uber03/04,9126,-21.92,,custo_2025_04.xls,01/04/2025
03/04/2025,DEV PIX Uber03/04,9130,23.91,,custo_2025_04.xls,01/04/2025
03/04/2025,SALDO DO DIA,,,-13960.43,custo_2025_04.xls,01/04/2025
04/04/2025,PAGTO SALARIO,1268,2738.03,,custo_2025_04.xls,01/04/2025
04/04/2025,SALDO DO DIA,,,-11222.4,custo_2025_04.xls,01/04/2025
07/04/2025,PIX QRS Magazine Lu05/04,9029,-93.4,,custo_2025_04.xls,01/04/2025
07/04/2025,PIX QRS Uber05/04,9026,-21.93,,custo_2025_04.xls,01/04/2025
07/04/2025,PIX TRANSF  Luiz Fe05/04,9123,-150.0,,custo_2025_04.xls,01/04/2025
07/04/2025,JUROS LIMITE DA CONTA,,-824.13,,custo_2025_04.xls,01/04/2025
07/04/2025,DA  CLARO CELULAR  68279,9293,-57.29,,custo_2025_04.xls,01/04/2025
07/04/2025,SALDO DO DIA,,,-12369.15,custo_2025_04.xls,01/04/2025
08/04/2025,ELECTRONARFCO,9212,-79.21,,custo_2025_04.xls,01/04/2025
08/04/2025,ELECTRONMETRO SAO P,9212,-30.0,,custo_2025_04.xls,01/04/2025
08/04/2025,ELECTRONMETRO SAO P,9212,-50.0,,custo_2025_04.xls,01/04/2025
08/04/2025,PIX TRANSF  MAURINI08/04,9327,50.0,,custo_2025_04.xls,01/04/2025
08/04/2025,PIX TRANSF  PAULO H08/04,9131,30.0,,custo_2025_04.xls,01/04/2025
08/04/2025,SALDO DO DIA,,,-12448.36,custo_2025_04.xls,01/04/2025
09/04/2025,ELECTRONMP*ERINALDO,9212,-10.0,,custo_2025_04.xls,01/04/2025
09/04/2025,ELECTRONRS AVILA,9212,-53.5,,custo_2025_04.xls,01/04/2025
09/04/2025,ELECTRONRS AVILA,9212,-67.19,,custo_2025_04.xls,01/04/2025
09/04/2025,PAG BOLETO  PAG TIT BANC,9327,-729.63,,custo_2025_04.xls,01/04/2025
09/04/2025,PIX TRANSF  REAL BR09/04,9014,-130.0,,custo_2025_04.xls,01/04/2025
09/04/2025,PIX TRANSF  JOHANIS09/04,9128,50.0,,custo_2025_04.xls,01/04/2025
09/04/2025,SALDO DO DIA,,,-13388.68,custo_2025_04.xls,01/04/2025
10/04/2025,ELECTRONMINI EXTRA-,9212,-17.48,,custo_2025_04.xls,01/04/2025
10/04/2025,ELECTRONMINI EXTRA-,9212,-45.03,,custo_2025_04.xls,01/04/2025
10/04/2025,ELECTRONMP*CHURROSD,9212,-20.0,,custo_2025_04.xls,01/04/2025
10/04/2025,SEGURO CARTAO,9293,-8.57,,custo_2025_04.xls,01/04/2025
10/04/2025,SALDO DO DIA,,,-13479.76,custo_2025_04.xls,01/04/2025
11/04/2025,ELECTRONBB TRANSPOR,9212,-30.0,,custo_2025_04.xls,01/04/2025
11/04/2025,ELECTRONDROGARIA E,9212,-39.99,,custo_2025_04.xls,01/04/2025
11/04/2025,ELECTRONReginaldoca,9212,-8.0,,custo_2025_04.xls,01/04/2025
11/04/2025,ELECTRONREAL BRASIL,9212,-16.0,,custo_2025_04.xls,01/04/2025
11/04/2025,ELECTRONRESTAURANTE,9212,-37.0,,custo_2025_04.xls,01/04/2025
11/04/2025,PIX QRS Uber11/04,9130,-17.91,,custo_2025_04.xls,01/04/2025
11/04/2025,PIX TRANSF  JONY AL11/04,9029,50.0,,custo_2025_04.xls,01/04/2025
11/04/2025,PIX TRANSF  JULIANO11/04,9129,50.0,,custo_2025_04.xls,01/04/2025
11/04/2025,PIX TRANSF  Luiz Gu11/04,9136,50.0,,custo_2025_04.xls,01/04/2025
11/04/2025,PIX TRANSF  MARCELO11/04,9014,50.0,,custo_2025_04.xls,01/04/2025
11/04/2025,PIX TRANSF  THIAGO 11/04,9129,50.0,,custo_2025_04.xls,01/04/2025
11/04/2025,SALDO DO DIA,,,-13378.66,custo_2025_04.xls,01/04/2025
14/04/2025,ELECTRONBarracaDoCu,9212,-5.0,,custo_2025_04.xls,01/04/2025
14/04/2025,ELECTRONBANANAS ANA,9212,-15.0,,custo_2025_04.xls,01/04/2025
14/04/2025,ELECTRONCarlosDiyod,9212,-8.0,,custo_2025_04.xls,01/04/2025
14/04/2025,ELECTRONCASSIO ANDR,9212,-25.0,,custo_2025_04.xls,01/04/2025
14/04/2025,ELECTRONDAMACIO PER,9212,-26.95,,custo_2025_04.xls,01/04/2025
14/04/2025,ELECTRONDROGARIA SA,9212,-63.97,,custo_2025_04.xls,01/04/2025
14/04/2025,ELECTRONFEIRANTES,9212,-20.0,,custo_2025_04.xls,01/04/2025
14/04/2025,ELECTRONFRIGOMUNDO,9212,-39.39,,custo_2025_04.xls,01/04/2025
14/04/2025,ELECTRONFRIGOMUNDO,9212,-25.49,,custo_2025_04.xls,01/04/2025
14/04/2025,ELECTRONIgreja Meto,9212,-50.0,,custo_2025_04.xls,01/04/2025
14/04/2025,ELECTRONMINI EXTRA-,9212,-113.71,,custo_2025_04.xls,01/04/2025
14/04/2025,ELECTRONMINI EXTRA-,9212,-9.69,,custo_2025_04.xls,01/04/2025
14/04/2025,ELECTRONMINI EXTRA-,9212,-67.43,,custo_2025_04.xls,01/04/2025
14/04/2025,ELECTRONMP*GILMAR15,9212,-5.0,,custo_2025_04.xls,01/04/2025
14/04/2025,ELECTRONMP*MARQUES,9212,-2.0,,custo_2025_04.xls,01/04/2025
14/04/2025,ELECTRONMP*ORIEL,9212,-5.0,,custo_2025_04.xls,01/04/2025
14/04/2025,ELECTRONMP*ORIEL,9212,-45.0,,custo_2025_04.xls,01/04/2025
14/04/2025,ELECTRONNM PIZZARIA,9212,-41.9,,custo_2025_04.xls,01/04/2025
14/04/2025,ELECTRONRobinson,9212,-98.0,,custo_2025_04.xls,01/04/2025
14/04/2025,ELECTRONRosileneDaS,9212,-23.0,,custo_2025_04.xls,01/04/2025
14/04/2025,ELECTRONThiemiComer,9212,-37.0,,custo_2025_04.xls,01/04/2025
14/04/2025,PIX QRS Uber13/04,9127,-21.97,,custo_2025_04.xls,01/04/2025
14/04/2025,PIX TRANSF  IMW 3 R13/04,9029,-100.0,,custo_2025_04.xls,01/04/2025
14/04/2025,PIX CARTAO  SBF COMERCI1,9128,-152.48,,custo_2025_04.xls,01/04/2025
14/04/2025,PIX TRANSF  IGOR MO14/04,9121,50.0,,custo_2025_04.xls,01/04/2025
14/04/2025,PIX TRANSF  MICHELL12/04,9121,40.0,,custo_2025_04.xls,01/04/2025
14/04/2025,CREDITO LIBERAD PIX 6964,9123,152.48,,custo_2025_04.xls,01/04/2025
14/04/2025,DEB AUTOR UNICEF,9293,-85.0,,custo_2025_04.xls,01/04/2025
14/04/2025,SALDO DO DIA,,,-14222.16,custo_2025_04.xls,01/04/2025
15/04/2025,ELECTRONBB TRANSPOR,9212,-30.0,,custo_2025_04.xls,01/04/2025
15/04/2025,ELECTRONPadariaChar,9212,-8.99,,custo_2025_04.xls,01/04/2025
15/04/2025,ELECTRONRESTAURANTE,9212,-35.0,,custo_2025_04.xls,01/04/2025
15/04/2025,PAGTO ADIANT SALARIAL,1268,4280.44,,custo_2025_04.xls,01/04/2025
15/04/2025,PAGTO BONUS,1268,25394.8,,custo_2025_04.xls,01/04/2025
15/04/2025,DA  CLARO CELULAR  64592,9293,-160.24,,custo_2025_04.xls,01/04/2025
15/04/2025,SDO CTA/APL AUTOMATICAS,,,15218.85,custo_2025_04.xls,01/04/2025
16/04/2025,ELECTRONMINI EXTRA-,9212,-18.13,,custo_2025_04.xls,01/04/2025
16/04/2025,PIX QRS CEA PAY FUN16/04,9130,-205.05,,custo_2025_04.xls,01/04/2025
16/04/2025,PIX TRANSF  DORALIC16/04,9131,-100.0,,custo_2025_04.xls,01/04/2025
16/04/2025,PIX TRANSF  ELIZABE16/04,9130,-1400.0,,custo_2025_04.xls,01/04/2025
16/04/2025,PIX TRANSF  IMW 3 R16/04,9127,-1000.0,,custo_2025_04.xls,01/04/2025
16/04/2025,INT ITAU VISA,4175,-1300.84,,custo_2025_04.xls,01/04/2025
16/04/2025,DA  ELETROPAULO 11701161,9293,-115.98,,custo_2025_04.xls,01/04/2025
16/04/2025,REND PAGO APLIC AUT MAIS,,0.01,,custo_2025_04.xls,01/04/2025
16/04/2025,SDO CTA/APL AUTOMATICAS,,,11078.86,custo_2025_04.xls,01/04/2025
17/04/2025,ELECTRONPONTO DA ES,9212,-70.0,,custo_2025_04.xls,01/04/2025
17/04/2025,PIX QRS Uber17/04,9123,-18.9,,custo_2025_04.xls,01/04/2025
17/04/2025,SDO CTA/APL AUTOMATICAS,,,10989.96,custo_2025_04.xls,01/04/2025
22/04/2025,ELECTRONARIZONA PAE,9212,-20.03,,custo_2025_04.xls,01/04/2025
22/04/2025,ELECTRONEMPORIO BOM,9212,-1.99,,custo_2025_04.xls,01/04/2025
22/04/2025,ELECTRONFRIGOMUNDO,9212,-58.54,,custo_2025_04.xls,01/04/2025
22/04/2025,ELECTRONFUNCHAL TUC,9212,-24.36,,custo_2025_04.xls,01/04/2025
22/04/2025,ELECTRONJoaoPauloPe,9212,-10.0,,custo_2025_04.xls,01/04/2025
22/04/2025,ELECTRONLindinalvaD,9212,-8.0,,custo_2025_04.xls,01/04/2025
22/04/2025,ELECTRONMERCADO ARA,9212,-12.2,,custo_2025_04.xls,01/04/2025
22/04/2025,ELECTRONMETRO SAO P,9212,-30.0,,custo_2025_04.xls,01/04/2025
22/04/2025,ELECTRONMETRO SAO P,9212,-20.0,,custo_2025_04.xls,01/04/2025
22/04/2025,ELECTRONMP*JTDOCES,9212,-30.0,,custo_2025_04.xls,01/04/2025
22/04/2025,ELECTRONPADARIA DEL,9212,-43.99,,custo_2025_04.xls,01/04/2025
22/04/2025,ELECTRONPAES E DOCE,9212,-8.99,,custo_2025_04.xls,01/04/2025
22/04/2025,ELECTRONRESTAURANTE,9212,-32.0,,custo_2025_04.xls,01/04/2025
22/04/2025,ELECTRONSHOPPING TU,9212,-14.5,,custo_2025_04.xls,01/04/2025
22/04/2025,ELECTRONTRIMAIS SUP,9212,-76.02,,custo_2025_04.xls,01/04/2025
22/04/2025,PIX QRS Uber20/04,9028,-12.74,,custo_2025_04.xls,01/04/2025
22/04/2025,PIX QRS Uber21/04,9120,-16.42,,custo_2025_04.xls,01/04/2025
22/04/2025,PIX TRANSF  ANDRE N18/04,9779,-50.0,,custo_2025_04.xls,01/04/2025
22/04/2025,PIX TRANSF  REAL BR22/04,9127,-800.0,,custo_2025_04.xls,01/04/2025
22/04/2025,DA  CLARO RESID 75680788,9293,-236.51,,custo_2025_04.xls,01/04/2025
22/04/2025,REND PAGO APLIC AUT MAIS,,0.01,,custo_2025_04.xls,01/04/2025
22/04/2025,SDO CTA/APL AUTOMATICAS,,,9483.68,custo_2025_04.xls,01/04/2025
23/04/2025,FINANC IMOBILIARIO   037,9127,-2756.06,,custo_2025_04.xls,01/04/2025
23/04/2025,ELECTRONFRIGOMUNDO,9212,-9.15,,custo_2025_04.xls,01/04/2025
23/04/2025,ELECTRONMINI EXTRA-,9212,-19.99,,custo_2025_04.xls,01/04/2025
23/04/2025,PIX TRANSF  LUCIANO23/04,9026,50.0,,custo_2025_04.xls,01/04/2025
23/04/2025,DA  COMGAS 51448254,9293,-290.91,,custo_2025_04.xls,01/04/2025
23/04/2025,REND PAGO APLIC AUT MAIS,,0.03,,custo_2025_04.xls,01/04/2025
23/04/2025,SDO CTA/APL AUTOMATICAS,,,6457.6,custo_2025_04.xls,01/04/2025
24/04/2025,SDO CTA/APL AUTOMATICAS,,,6457.6,custo_2025_04.xls,01/04/2025
25/04/2025,ELECTRONREAL BRASIL,9212,-8.0,,custo_2025_04.xls,01/04/2025
25/04/2025,PIX TRANSF  ANDRE N25/04,9120,-50.0,,custo_2025_04.xls,01/04/2025
25/04/2025,PIX TRANSF  ERLONDS25/04,9779,-40.0,,custo_2025_04.xls,01/04/2025
25/04/2025,PIX TRANSF  LUCAS N25/04,9029,15.0,,custo_2025_04.xls,01/04/2025
25/04/2025,SDO CTA/APL AUTOMATICAS,,,6374.6,custo_2025_04.xls,01/04/2025
28/04/2025,ELECTRONMUNDOMED DR,9212,-6.99,,custo_2025_04.xls,01/04/2025
28/04/2025,ELECTRONPERTO,9212,-10.0,,custo_2025_04.xls,01/04/2025
28/04/2025,ELECTRONPERTO,9212,-20.0,,custo_2025_04.xls,01/04/2025
28/04/2025,PIX QRS Uber27/04,9029,-1.24,,custo_2025_04.xls,01/04/2025
28/04/2025,PIX QRS Uber27/04,9126,-12.73,,custo_2025_04.xls,01/04/2025
28/04/2025,PIX QRS Uber27/04,9123,-11.21,,custo_2025_04.xls,01/04/2025
28/04/2025,PIX TRANSF  Real Br28/04,9129,-140.0,,custo_2025_04.xls,01/04/2025
28/04/2025,DEV PIX Uber27/04,9779,12.73,,custo_2025_04.xls,01/04/2025
28/04/2025,REND PAGO APLIC AUT MAIS,,0.01,,custo_2025_04.xls,01/04/2025
28/04/2025,SDO CTA/APL AUTOMATICAS,,,6185.17,custo_2025_04.xls,01/04/2025
29/04/2025,PIX TRANSF  THE CLO29/04,9026,997.0,,custo_2025_04.xls,01/04/2025
29/04/2025,SDO CTA/APL AUTOMATICAS,,,7182.17,custo_2025_04.xls,01/04/2025
30/04/2025,PIX TRANSF  MICHELL30/04,9127,1000.0,,custo_2025_04.xls,01/04/2025
30/04/2025,SDO CTA/APL AUTOMATICAS,,,8182.17,custo_2025_04.xls,01/04/2025
30/04/2025,SALDO ANTERIOR,,,1.0,custo_2025_05.xls,01/05/2025
02/05/2025,ELECTRONHIP BERGAMI,9212,-665.32,,custo_2025_05.xls,01/05/2025
02/05/2025,ELECTRONRicardosapo,9212,-48.0,,custo_2025_05.xls,01/05/2025
02/05/2025,ELECTRONTARIFA TRAN,9212,-50.0,,custo_2025_05.xls,01/05/2025
02/05/2025,ELECTRONTARIFA TRAN,9212,-10.0,,custo_2025_05.xls,01/05/2025
02/05/2025,PIX QRS Uber02/05,9327,-41.98,,custo_2025_05.xls,01/05/2025
02/05/2025,PIX QRS Uber02/05,9120,-27.93,,custo_2025_05.xls,01/05/2025
02/05/2025,DEV PIX Uber02/05,9123,27.93,,custo_2025_05.xls,01/05/2025
02/05/2025,SABESP      3082129325,9293,-197.1,,custo_2025_05.xls,01/05/2025
02/05/2025,REND PAGO APLIC AUT MAIS,,0.05,,custo_2025_05.xls,01/05/2025
02/05/2025,SDO CTA/APL AUTOMATICAS,,,7169.82,custo_2025_05.xls,01/05/2025
05/05/2025,IOF,,-28.06,,custo_2025_05.xls,01/05/2025
05/05/2025,ELECTRONqueijominas,9212,-55.0,,custo_2025_05.xls,01/05/2025
05/05/2025,ELECTRONBAR DU BIGO,9212,-6.0,,custo_2025_05.xls,01/05/2025
05/05/2025,ELECTRONBAR DU BIGO,9212,-25.0,,custo_2025_05.xls,01/05/2025
05/05/2025,ELECTRONCASSIO ANDR,9212,-10.0,,custo_2025_05.xls,01/05/2025
05/05/2025,ELECTRONCENTAURO,9212,-49.99,,custo_2025_05.xls,01/05/2025
05/05/2025,ELECTRONFRIGOMUNDO,9212,-49.08,,custo_2025_05.xls,01/05/2025
05/05/2025,ELECTRONFRIGOMUNDO,9212,-18.9,,custo_2025_05.xls,01/05/2025
05/05/2025,ELECTRONIgreja Meto,9212,-45.0,,custo_2025_05.xls,01/05/2025
05/05/2025,ELECTRONJ A RODRIGU,9212,-50.0,,custo_2025_05.xls,01/05/2025
05/05/2025,ELECTRONLuizaDeFati,9212,-15.0,,custo_2025_05.xls,01/05/2025
05/05/2025,ELECTRONMP*FEIRANTE,9212,-8.0,,custo_2025_05.xls,01/05/2025
05/05/2025,ELECTRONMP*ORIEL,9212,-24.0,,custo_2025_05.xls,01/05/2025
05/05/2025,ELECTRONPATRICIAPER,9212,-5.0,,custo_2025_05.xls,01/05/2025
05/05/2025,ELECTRONRobinson,9212,-15.0,,custo_2025_05.xls,01/05/2025
05/05/2025,ELECTRONRosileneDaS,9212,-10.0,,custo_2025_05.xls,01/05/2025
05/05/2025,ELECTRONSHOPPING TU,9212,-13.5,,custo_2025_05.xls,01/05/2025
05/05/2025,ELECTRONThiemiComer,9212,-18.5,,custo_2025_05.xls,01/05/2025
05/05/2025,ELECTRONWmVerdurasE,9212,-8.0,,custo_2025_05.xls,01/05/2025
05/05/2025,PAGTO SALARIO,1268,2557.64,,custo_2025_05.xls,01/05/2025
05/05/2025,DA  CLARO CELULAR  68279,9293,-57.29,,custo_2025_05.xls,01/05/2025
05/05/2025,TAR PACOTE ITAU   ABR/25,9293,-92.5,,custo_2025_05.xls,01/05/2025
05/05/2025,SDO CTA/APL AUTOMATICAS,,,9123.64,custo_2025_05.xls,01/05/2025
06/05/2025,ELECTRONBARDOCHE AC,9212,-53.0,,custo_2025_05.xls,01/05/2025
06/05/2025,ELECTRONMP*CHURROSD,9212,-18.0,,custo_2025_05.xls,01/05/2025
06/05/2025,ELECTRONTREMBALA CO,9212,-18.9,,custo_2025_05.xls,01/05/2025
06/05/2025,PAG BOLETO  PAG TIT BANC,9129,-729.63,,custo_2025_05.xls,01/05/2025
06/05/2025,PIX TRANSF  REAL BR06/05,9126,-130.0,,custo_2025_05.xls,01/05/2025
06/05/2025,PIX TRANSF  JOAO BR06/05,9773,60.0,,custo_2025_05.xls,01/05/2025
06/05/2025,REND PAGO APLIC AUT MAIS,,0.07,,custo_2025_05.xls,01/05/2025
06/05/2025,SDO CTA/APL AUTOMATICAS,,,8234.18,custo_2025_05.xls,01/05/2025
07/05/2025,ELECTRONDROGARIA SA,9212,-45.02,,custo_2025_05.xls,01/05/2025
07/05/2025,ELECTRONMERCADO GAG,9212,-18.98,,custo_2025_05.xls,01/05/2025
07/05/2025,ELECTRONRS AVILA,9212,-28.15,,custo_2025_05.xls,01/05/2025
07/05/2025,REND PAGO APLIC AUT MAIS,,0.01,,custo_2025_05.xls,01/05/2025
07/05/2025,SDO CTA/APL AUTOMATICAS,,,8142.04,custo_2025_05.xls,01/05/2025
08/05/2025,ELECTRONFRIGOMUNDO,9212,-27.22,,custo_2025_05.xls,01/05/2025
08/05/2025,PIX TRANSF  MAURINI08/05,9120,50.0,,custo_2025_05.xls,01/05/2025
08/05/2025,SDO CTA/APL AUTOMATICAS,,,8164.82,custo_2025_05.xls,01/05/2025
09/05/2025,ELECTRONMAGIA,9212,-109.18,,custo_2025_05.xls,01/05/2025
09/05/2025,ELECTRONREAL BRASIL,9212,-29.0,,custo_2025_05.xls,01/05/2025
09/05/2025,PIX QRS Carlos Toru09/05,9130,-4.0,,custo_2025_05.xls,01/05/2025
09/05/2025,PIX TRANSF  THAIS D09/05,9028,-212.0,,custo_2025_05.xls,01/05/2025
09/05/2025,PIX TRANSF  David C09/05,9026,15.0,,custo_2025_05.xls,01/05/2025
09/05/2025,PIX TRANSF  GEOVANE09/05,9779,15.0,,custo_2025_05.xls,01/05/2025
09/05/2025,PIX TRANSF  Jonatha09/05,9128,23.0,,custo_2025_05.xls,01/05/2025
09/05/2025,PIX TRANSF  KAREN O09/05,9122,23.0,,custo_2025_05.xls,01/05/2025
09/05/2025,PIX TRANSF  Lilian 09/05,9029,23.0,,custo_2025_05.xls,01/05/2025
09/05/2025,PIX TRANSF  Lucas C09/05,9129,26.0,,custo_2025_05.xls,01/05/2025
09/05/2025,PIX TRANSF  LUCIANO09/05,9327,100.0,,custo_2025_05.xls,01/05/2025
09/05/2025,PIX TRANSF  RAFAEL 09/05,9128,26.0,,custo_2025_05.xls,01/05/2025
09/05/2025,REND PAGO APLIC AUT MAIS,,0.01,,custo_2025_05.xls,01/05/2025
09/05/2025,SDO CTA/APL AUTOMATICAS,,,8061.65,custo_2025_05.xls,01/05/2025
12/05/2025,ELECTRONANTONIO CHI,9212,-48.0,,custo_2025_05.xls,01/05/2025
12/05/2025,ELECTRONCarlosDiyod,9212,-10.0,,custo_2025_05.xls,01/05/2025
12/05/2025,ELECTRONCALDOS MANA,9212,-32.0,,custo_2025_05.xls,01/05/2025
12/05/2025,ELECTRONCASSIO ANDR,9212,-14.0,,custo_2025_05.xls,01/05/2025
12/05/2025,ELECTRONFEIRANTES,9212,-10.0,,custo_2025_05.xls,01/05/2025
12/05/2025,ELECTRONLOJAS AMERI,9212,-49.85,,custo_2025_05.xls,01/05/2025
12/05/2025,ELECTRONMARCELO PIN,9212,-11.0,,custo_2025_05.xls,01/05/2025
12/05/2025,ELECTRONPONTAL LOJA,9212,-99.99,,custo_2025_05.xls,01/05/2025
12/05/2025,ELECTRONRobinson,9212,-33.0,,custo_2025_05.xls,01/05/2025
12/05/2025,ELECTRONSHOPPING ME,9212,-5.5,,custo_2025_05.xls,01/05/2025
12/05/2025,ELECTRONSUPER MERCA,9212,-65.91,,custo_2025_05.xls,01/05/2025
12/05/2025,ELECTRONTRIANGULOS,9212,-20.0,,custo_2025_05.xls,01/05/2025
12/05/2025,PIX QRS Uber10/05,9925,-21.98,,custo_2025_05.xls,01/05/2025
12/05/2025,PIX QRS Uber10/05,9773,-22.92,,custo_2025_05.xls,01/05/2025
12/05/2025,PIX QRS Uber10/05,9127,-21.97,,custo_2025_05.xls,01/05/2025
12/05/2025,PIX TRANSF  ANDRE N12/05,9014,-100.0,,custo_2025_05.xls,01/05/2025
12/05/2025,DEV PIX Uber10/05,9120,21.98,,custo_2025_05.xls,01/05/2025
12/05/2025,DEV PIX Uber10/05,9122,22.92,,custo_2025_05.xls,01/05/2025
12/05/2025,PIX TRANSF  Joao Pa10/05,9127,30.0,,custo_2025_05.xls,01/05/2025
12/05/2025,PIX TRANSF  Joao Vi10/05,9953,15.0,,custo_2025_05.xls,01/05/2025
12/05/2025,PIX TRANSF  JONY AL10/05,9014,50.0,,custo_2025_05.xls,01/05/2025
12/05/2025,PIX TRANSF  JULIANO11/05,9131,65.0,,custo_2025_05.xls,01/05/2025
12/05/2025,PIX TRANSF  Luiz Gu12/05,9121,50.0,,custo_2025_05.xls,01/05/2025
12/05/2025,PIX TRANSF  LUCAS S12/05,9136,23.0,,custo_2025_05.xls,01/05/2025
12/05/2025,PIX TRANSF  LUIS FE12/05,9026,23.0,,custo_2025_05.xls,01/05/2025
12/05/2025,PIX TRANSF  ULLE DA12/05,9122,50.0,,custo_2025_05.xls,01/05/2025
12/05/2025,SEGURO CARTAO,9293,-8.57,,custo_2025_05.xls,01/05/2025
12/05/2025,REND PAGO APLIC AUT MAIS,,0.03,,custo_2025_05.xls,01/05/2025
12/05/2025,SDO CTA/APL AUTOMATICAS,,,7837.89,custo_2025_05.xls,01/05/2025
13/05/2025,ELECTRONRS AVILA,9212,-120.11,,custo_2025_05.xls,01/05/2025
13/05/2025,ELECTRONRS AVILA,9212,-37.51,,custo_2025_05.xls,01/05/2025
13/05/2025,ELECTRONTREMBALA CO,9212,-55.0,,custo_2025_05.xls,01/05/2025
13/05/2025,REND PAGO APLIC AUT MAIS,,0.03,,custo_2025_05.xls,01/05/2025
13/05/2025,SDO CTA/APL AUTOMATICAS,,,7625.3,custo_2025_05.xls,01/05/2025
14/05/2025,DEB AUTOR UNICEF,9293,-85.0,,custo_2025_05.xls,01/05/2025
14/05/2025,REND PAGO APLIC AUT MAIS,,0.01,,custo_2025_05.xls,01/05/2025
14/05/2025,SDO CTA/APL AUTOMATICAS,,,7540.31,custo_2025_05.xls,01/05/2025
15/05/2025,ELECTRONMINI EXTRA-,9212,-39.76,,custo_2025_05.xls,01/05/2025
15/05/2025,ELECTRONMP*CHURROSD,9212,-12.0,,custo_2025_05.xls,01/05/2025
15/05/2025,ELECTRONQUITANDA E,9212,-16.9,,custo_2025_05.xls,01/05/2025
15/05/2025,PIX QRS CEA PAY FUN15/05,9128,-211.32,,custo_2025_05.xls,01/05/2025
15/05/2025,PIX TRANSF  IMW 3 R15/05,9925,-100.0,,custo_2025_05.xls,01/05/2025
15/05/2025,INT ITAU VISA,4175,-1333.74,,custo_2025_05.xls,01/05/2025
15/05/2025,PAGTO ADIANT SALARIAL,1268,4280.44,,custo_2025_05.xls,01/05/2025
15/05/2025,DA  CLARO CELULAR  64592,9293,-160.24,,custo_2025_05.xls,01/05/2025
15/05/2025,SDO CTA/APL AUTOMATICAS,,,9946.79,custo_2025_05.xls,01/05/2025
16/05/2025,ELECTRONHILLARIUS S,9212,-128.6,,custo_2025_05.xls,01/05/2025
16/05/2025,ELECTRONMETRO SAO P,9212,-20.0,,custo_2025_05.xls,01/05/2025
16/05/2025,ELECTRONMETRO SAO P,9212,-30.0,,custo_2025_05.xls,01/05/2025
16/05/2025,ELECTRONPadariaChar,9212,-32.28,,custo_2025_05.xls,01/05/2025
16/05/2025,ELECTRONPAES E DOCE,9212,-8.99,,custo_2025_05.xls,01/05/2025
16/05/2025,ELECTRONRESTAURANTE,9212,-32.0,,custo_2025_05.xls,01/05/2025
16/05/2025,PIX QRS Uber16/05,9123,-20.84,,custo_2025_05.xls,01/05/2025
16/05/2025,PIX QRS Uber16/05,9123,-15.1,,custo_2025_05.xls,01/05/2025
16/05/2025,PIX TRANSF  Iego Ke16/05,9029,30.0,,custo_2025_05.xls,01/05/2025
16/05/2025,PIX TRANSF  VINICIU16/05,9125,15.0,,custo_2025_05.xls,01/05/2025
16/05/2025,REND PAGO APLIC AUT MAIS,,0.2,,custo_2025_05.xls,01/05/2025
16/05/2025,SDO CTA/APL AUTOMATICAS,,,9704.18,custo_2025_05.xls,01/05/2025
19/05/2025,ELECTRONCarlosDiyod,9212,-20.0,,custo_2025_05.xls,01/05/2025
19/05/2025,ELECTRONCASSIO ANDR,9212,-5.0,,custo_2025_05.xls,01/05/2025
19/05/2025,ELECTRONCASSIO ANDR,9212,-24.0,,custo_2025_05.xls,01/05/2025
19/05/2025,ELECTRONCDBU DISTR,9212,-290.8,,custo_2025_05.xls,01/05/2025
19/05/2025,ELECTRONCLUBE REAL,9212,-8.0,,custo_2025_05.xls,01/05/2025
19/05/2025,ELECTRONDROGARIA SA,9212,-34.99,,custo_2025_05.xls,01/05/2025
19/05/2025,ELECTRONFEIRANTES,9212,-25.0,,custo_2025_05.xls,01/05/2025
19/05/2025,ELECTRONGilvaneidel,9212,-22.0,,custo_2025_05.xls,01/05/2025
19/05/2025,ELECTRONImperioAcai,9212,-14.0,,custo_2025_05.xls,01/05/2025
19/05/2025,ELECTRONLaysRosenoD,9212,-40.0,,custo_2025_05.xls,01/05/2025
19/05/2025,ELECTRONMAGAZINE TO,9212,-209.93,,custo_2025_05.xls,01/05/2025
19/05/2025,ELECTRONMINI EXTRA-,9212,-34.67,,custo_2025_05.xls,01/05/2025
19/05/2025,ELECTRONMP*ORIEL,9212,-10.0,,custo_2025_05.xls,01/05/2025
19/05/2025,ELECTRONMP*ORIEL,9212,-43.0,,custo_2025_05.xls,01/05/2025
19/05/2025,ELECTRONOrielPereir,9212,-20.0,,custo_2025_05.xls,01/05/2025
19/05/2025,ELECTRONPADARIA DEL,9212,-43.99,,custo_2025_05.xls,01/05/2025
19/05/2025,ELECTRONPONTO DA ES,9212,-40.0,,custo_2025_05.xls,01/05/2025
19/05/2025,ELECTRONRenanMoraes,9212,-5.0,,custo_2025_05.xls,01/05/2025
19/05/2025,ELECTRONRobinson,9212,-16.0,,custo_2025_05.xls,01/05/2025
19/05/2025,ELECTRONRosileneDaS,9212,-5.0,,custo_2025_05.xls,01/05/2025
19/05/2025,ELECTRONThiemiComer,9212,-37.0,,custo_2025_05.xls,01/05/2025
19/05/2025,ELECTRONVERA CLEMEN,9212,-15.0,,custo_2025_05.xls,01/05/2025
19/05/2025,ELECTRONWmVerdurasE,9212,-9.0,,custo_2025_05.xls,01/05/2025
19/05/2025,PIX TRANSF  Caio Ce17/05,9028,15.0,,custo_2025_05.xls,01/05/2025
19/05/2025,PIX TRANSF  Joao Vi17/05,9136,15.0,,custo_2025_05.xls,01/05/2025
19/05/2025,PIX TRANSF  MICHELL17/05,9126,100.0,,custo_2025_05.xls,01/05/2025
19/05/2025,DA  ELETROPAULO 11701161,9293,-126.84,,custo_2025_05.xls,01/05/2025
19/05/2025,REND PAGO APLIC AUT MAIS,,0.83,,custo_2025_05.xls,01/05/2025
19/05/2025,SDO CTA/APL AUTOMATICAS,,,8735.79,custo_2025_05.xls,01/05/2025
20/05/2025,ELECTRONBB TRANSPOR,9212,-50.0,,custo_2025_05.xls,01/05/2025
20/05/2025,ELECTRONRESTAURANTE,9212,-32.0,,custo_2025_05.xls,01/05/2025
20/05/2025,PIX TRANSF  ANDRE N20/05,9029,50.0,,custo_2025_05.xls,01/05/2025
20/05/2025,PIX TRANSF  GEOVANE20/05,9953,15.0,,custo_2025_05.xls,01/05/2025
20/05/2025,DA  CLARO RESID 75680788,9293,-236.51,,custo_2025_05.xls,01/05/2025
20/05/2025,REND PAGO APLIC AUT MAIS,,0.23,,custo_2025_05.xls,01/05/2025
20/05/2025,SDO CTA/APL AUTOMATICAS,,,8482.51,custo_2025_05.xls,01/05/2025
21/05/2025,ELECTRONOggiSorvete,9212,-6.74,,custo_2025_05.xls,01/05/2025
21/05/2025,PIX TRANSF  REAL BR21/05,9773,-800.0,,custo_2025_05.xls,01/05/2025
21/05/2025,REND PAGO APLIC AUT MAIS,,0.76,,custo_2025_05.xls,01/05/2025
21/05/2025,SDO CTA/APL AUTOMATICAS,,,7676.53,custo_2025_05.xls,01/05/2025
22/05/2025,ELECTRONImw3RVilaNi,9212,-50.0,,custo_2025_05.xls,01/05/2025
22/05/2025,ELECTRONLUIZ ANTONI,9212,-29.0,,custo_2025_05.xls,01/05/2025
22/05/2025,ELECTRONOXXO GUAPIR,9212,-32.04,,custo_2025_05.xls,01/05/2025
22/05/2025,PIX QRS Uber22/05,9779,-23.86,,custo_2025_05.xls,01/05/2025
22/05/2025,PIX TRANSF  GC IBIR22/05,9028,50.0,,custo_2025_05.xls,01/05/2025
22/05/2025,REND PAGO APLIC AUT MAIS,,0.08,,custo_2025_05.xls,01/05/2025
22/05/2025,SDO CTA/APL AUTOMATICAS,,,7591.71,custo_2025_05.xls,01/05/2025
23/05/2025,FINANC IMOBILIARIO   038,9327,-2754.69,,custo_2025_05.xls,01/05/2025
23/05/2025,ELECTRONFRIGOMUNDO,9212,-79.49,,custo_2025_05.xls,01/05/2025
23/05/2025,ELECTRONLUIZ ANTONI,9212,-46.0,,custo_2025_05.xls,01/05/2025
23/05/2025,ELECTRONMINI EXTRA-,9212,-24.86,,custo_2025_05.xls,01/05/2025
23/05/2025,ELECTRONPADARIA DEL,9212,-74.7,,custo_2025_05.xls,01/05/2025
23/05/2025,ELECTRONREAL BRASIL,9212,-8.0,,custo_2025_05.xls,01/05/2025
23/05/2025,PIX TRANSF  Elizeu 23/05,9327,50.0,,custo_2025_05.xls,01/05/2025
23/05/2025,PIX TRANSF  LUCAS A23/05,9026,15.0,,custo_2025_05.xls,01/05/2025
23/05/2025,PIX TRANSF  MALCEMI23/05,9127,20.0,,custo_2025_05.xls,01/05/2025
23/05/2025,REND PAGO APLIC AUT MAIS,,1.44,,custo_2025_05.xls,01/05/2025
23/05/2025,SDO CTA/APL AUTOMATICAS,,,4690.41,custo_2025_05.xls,01/05/2025
26/05/2025,ELECTRONBarracaDoCu,9212,-7.0,,custo_2025_05.xls,01/05/2025
26/05/2025,ELECTRONBANANAS ANA,9212,-15.0,,custo_2025_05.xls,01/05/2025
26/05/2025,ELECTRONCarlosDiyod,9212,-10.0,,custo_2025_05.xls,01/05/2025
26/05/2025,ELECTRONCASSIO ANDR,9212,-12.0,,custo_2025_05.xls,01/05/2025
26/05/2025,ELECTRONIgreja Meto,9212,-30.0,,custo_2025_05.xls,01/05/2025
26/05/2025,ELECTRONMP*ORIEL,9212,-70.0,,custo_2025_05.xls,01/05/2025
26/05/2025,ELECTRONPATRICIAPER,9212,-5.0,,custo_2025_05.xls,01/05/2025
26/05/2025,ELECTRONRobinson,9212,-17.0,,custo_2025_05.xls,01/05/2025
26/05/2025,ELECTRONRosileneDaS,9212,-14.0,,custo_2025_05.xls,01/05/2025
26/05/2025,ELECTRONRS AVILA,9212,-27.11,,custo_2025_05.xls,01/05/2025
26/05/2025,ELECTRONThiemiComer,9212,-37.0,,custo_2025_05.xls,01/05/2025
26/05/2025,DEV PIX Uber24/05,9127,0.09,,custo_2025_05.xls,01/05/2025
26/05/2025,DA  COMGAS 51448254,9293,-334.35,,custo_2025_05.xls,01/05/2025
26/05/2025,REND PAGO APLIC AUT MAIS,,0.07,,custo_2025_05.xls,01/05/2025
26/05/2025,SDO CTA/APL AUTOMATICAS,,,4112.11,custo_2025_05.xls,01/05/2025
27/05/2025,ELECTRONTREMBALA CO,9212,-30.0,,custo_2025_05.xls,01/05/2025
27/05/2025,SDO CTA/APL AUTOMATICAS,,,4082.11,custo_2025_05.xls,01/05/2025
28/05/2025,SDO CTA/APL AUTOMATICAS,,,4082.11,custo_2025_05.xls,01/05/2025
29/05/2025,ELECTRONBB TRANSPOR,9212,-30.0,,custo_2025_05.xls,01/05/2025
29/05/2025,ELECTRONMETRO SAO P,9212,-20.0,,custo_2025_05.xls,01/05/2025
29/05/2025,ELECTRONMETRO SAO P,9212,-30.0,,custo_2025_05.xls,01/05/2025
29/05/2025,PIX QRS Uber29/05,9327,-31.49,,custo_2025_05.xls,01/05/2025
29/05/2025,REND PAGO APLIC AUT MAIS,,0.02,,custo_2025_05.xls,01/05/2025
29/05/2025,SDO CTA/APL AUTOMATICAS,,,3970.64,custo_2025_05.xls,01/05/2025
30/05/2025,ELECTRONREAL BRASIL,9212,-8.0,,custo_2025_05.xls,01/05/2025
30/05/2025,PIX TRANSF  FABIO G30/05,9779,100.0,,custo_2025_05.xls,01/05/2025
30/05/2025,PIX TRANSF  SECR. D30/05,9136,1932.32,,custo_2025_05.xls,01/05/2025
30/05/2025,SDO CTA/APL AUTOMATICAS,,,5994.96,custo_2025_05.xls,01/05/2025
30/05/2025,SALDO ANTERIOR,,,1.0,custo_2025_06.xls,01/06/2025
02/06/2025,ELECTRONALFA PARKIG,9212,-20.0,,custo_2025_06.xls,01/06/2025
02/06/2025,ELECTRONANTONIO CHI,9212,-24.0,,custo_2025_06.xls,01/06/2025
02/06/2025,ELECTRONARENA SANTA,9212,-13.0,,custo_2025_06.xls,01/06/2025
02/06/2025,ELECTRONARENA SANTA,9212,-3.0,,custo_2025_06.xls,01/06/2025
02/06/2025,ELECTRONCALDO MANAB,9212,-10.0,,custo_2025_06.xls,01/06/2025
02/06/2025,ELECTRONFEIRA LETRI,9212,-63.6,,custo_2025_06.xls,01/06/2025
02/06/2025,ELECTRONKODAI SUSHI,9212,-354.95,,custo_2025_06.xls,01/06/2025
02/06/2025,ELECTRONMAGAZINE DO,9212,-5.0,,custo_2025_06.xls,01/06/2025
02/06/2025,ELECTRONMAGAZINE DO,9212,-4.0,,custo_2025_06.xls,01/06/2025
02/06/2025,ELECTRONMARGINAL,9212,-48.98,,custo_2025_06.xls,01/06/2025
02/06/2025,ELECTRONMP*ALTADUCH,9212,-16.0,,custo_2025_06.xls,01/06/2025
02/06/2025,ELECTRONPERNAMBUCAN,9212,-25.99,,custo_2025_06.xls,01/06/2025
02/06/2025,ELECTRONSHOPPING ME,9212,-11.0,,custo_2025_06.xls,01/06/2025
02/06/2025,PIX TRANSF  IMW 3 R01/06,9029,-100.0,,custo_2025_06.xls,01/06/2025
02/06/2025,PIX TRANSF  FABIO G31/05,9953,200.0,,custo_2025_06.xls,01/06/2025
02/06/2025,PIX TRANSF  MICHELL02/06,9121,1000.0,,custo_2025_06.xls,01/06/2025
02/06/2025,SABESP      3082129325,9293,-287.43,,custo_2025_06.xls,01/06/2025
02/06/2025,SDO CTA/APL AUTOMATICAS,,,6208.01,custo_2025_06.xls,01/06/2025
03/06/2025,ELECTRONEMPORIO DO,9212,-22.49,,custo_2025_06.xls,01/06/2025
03/06/2025,ELECTRONMETRO SAO P,9212,-20.0,,custo_2025_06.xls,01/06/2025
03/06/2025,ELECTRONMETRO SAO P,9212,-30.0,,custo_2025_06.xls,01/06/2025
03/06/2025,ELECTRONPadariaChar,9212,-8.99,,custo_2025_06.xls,01/06/2025
03/06/2025,ELECTRONRESTAURANTE,9212,-33.0,,custo_2025_06.xls,01/06/2025
03/06/2025,TAR PACOTE ITAU   MAI/25,9293,-92.5,,custo_2025_06.xls,01/06/2025
03/06/2025,REND PAGO APLIC AUT MAIS,,0.03,,custo_2025_06.xls,01/06/2025
03/06/2025,SDO CTA/APL AUTOMATICAS,,,6001.06,custo_2025_06.xls,01/06/2025
04/06/2025,ELECTRONBrialeUnifo,9212,-13.22,,custo_2025_06.xls,01/06/2025
04/06/2025,REND PAGO APLIC AUT MAIS,,0.01,,custo_2025_06.xls,01/06/2025
04/06/2025,SDO CTA/APL AUTOMATICAS,,,5987.85,custo_2025_06.xls,01/06/2025
05/06/2025,ELECTRONMARIA CELIA,9212,-44.0,,custo_2025_06.xls,01/06/2025
05/06/2025,ELECTRONMP*PAULOGAT,9212,-62.0,,custo_2025_06.xls,01/06/2025
05/06/2025,ELECTRONPadariaChar,9212,-8.99,,custo_2025_06.xls,01/06/2025
05/06/2025,ELECTRONPERTO,9212,-20.0,,custo_2025_06.xls,01/06/2025
05/06/2025,ELECTRONRESTAURANTE,9212,-32.0,,custo_2025_06.xls,01/06/2025
05/06/2025,PAGTO SALARIO,1268,2736.14,,custo_2025_06.xls,01/06/2025
05/06/2025,DA  CLARO CELULAR  68279,9293,-57.29,,custo_2025_06.xls,01/06/2025
05/06/2025,SDO CTA/APL AUTOMATICAS,,,8499.71,custo_2025_06.xls,01/06/2025
06/06/2025,ELECTRONFRIGOMUNDO,9212,-92.99,,custo_2025_06.xls,01/06/2025
06/06/2025,ELECTRONMAGIA,9212,-61.73,,custo_2025_06.xls,01/06/2025
06/06/2025,ELECTRONMAGIA,9212,-20.47,,custo_2025_06.xls,01/06/2025
06/06/2025,ELECTRONMINI EXTRA-,9212,-33.99,,custo_2025_06.xls,01/06/2025
06/06/2025,ELECTRONREAL BRASIL,9212,-8.0,,custo_2025_06.xls,01/06/2025
06/06/2025,PAG BOLETO  PAG TIT BANC,9120,-729.63,,custo_2025_06.xls,01/06/2025
06/06/2025,PIX TRANSF  MAURINI06/06,9327,50.0,,custo_2025_06.xls,01/06/2025
06/06/2025,REND PAGO APLIC AUT MAIS,,0.9,,custo_2025_06.xls,01/06/2025
06/06/2025,SDO CTA/APL AUTOMATICAS,,,7603.8,custo_2025_06.xls,01/06/2025
09/06/2025,ELECTRONBarracaDoCu,9212,-5.0,,custo_2025_06.xls,01/06/2025
09/06/2025,ELECTRONBANANAS ANA,9212,-24.0,,custo_2025_06.xls,01/06/2025
09/06/2025,ELECTRONCarlosDiyod,9212,-5.0,,custo_2025_06.xls,01/06/2025
09/06/2025,ELECTRONCASSIO ANDR,9212,-24.0,,custo_2025_06.xls,01/06/2025
09/06/2025,ELECTRONFEIRANTES,9212,-10.0,,custo_2025_06.xls,01/06/2025
09/06/2025,ELECTRONFRIGOMUNDO,9212,-13.99,,custo_2025_06.xls,01/06/2025
09/06/2025,ELECTRONLaysRosenoD,9212,-40.0,,custo_2025_06.xls,01/06/2025
09/06/2025,ELECTRONLUCIANA DE,9212,-3.0,,custo_2025_06.xls,01/06/2025
09/06/2025,ELECTRONMARCELO PIN,9212,-18.0,,custo_2025_06.xls,01/06/2025
09/06/2025,ELECTRONMAZARO ROZE,9212,-89.02,,custo_2025_06.xls,01/06/2025
09/06/2025,ELECTRONMINI EXTRA-,9212,-10.77,,custo_2025_06.xls,01/06/2025
09/06/2025,ELECTRONMINI EXTRA-,9212,-24.88,,custo_2025_06.xls,01/06/2025
09/06/2025,ELECTRONOrielPereir,9212,-34.0,,custo_2025_06.xls,01/06/2025
09/06/2025,ELECTRONPKF COMERCI,9212,-5.0,,custo_2025_06.xls,01/06/2025
09/06/2025,ELECTRONPKF COMERCI,9212,-37.0,,custo_2025_06.xls,01/06/2025
09/06/2025,ELECTRONRobinson,9212,-34.0,,custo_2025_06.xls,01/06/2025
09/06/2025,PIX QRS Uber08/06,9121,-35.05,,custo_2025_06.xls,01/06/2025
09/06/2025,PIX QRS Uber08/06,9128,-14.2,,custo_2025_06.xls,01/06/2025
09/06/2025,PIX TRANSF  ELIZABE08/06,9953,-1400.0,,custo_2025_06.xls,01/06/2025
09/06/2025,REND PAGO APLIC AUT MAIS,,0.64,,custo_2025_06.xls,01/06/2025
09/06/2025,SDO CTA/APL AUTOMATICAS,,,5777.53,custo_2025_06.xls,01/06/2025
10/06/2025,ELECTRONFRIGOMUNDO,9212,-42.57,,custo_2025_06.xls,01/06/2025
10/06/2025,ELECTRONTREMBALA CO,9212,-22.9,,custo_2025_06.xls,01/06/2025
10/06/2025,PIX TRANSF  REAL BR10/06,9327,-130.0,,custo_2025_06.xls,01/06/2025
10/06/2025,PIX TRANSF  Amanda 10/06,9026,50.0,,custo_2025_06.xls,01/06/2025
10/06/2025,SEGURO CARTAO,9293,-8.57,,custo_2025_06.xls,01/06/2025
10/06/2025,DEB AUTOR UNICEF,9293,-85.0,,custo_2025_06.xls,01/06/2025
10/06/2025,REND PAGO APLIC AUT MAIS,,0.04,,custo_2025_06.xls,01/06/2025
10/06/2025,SDO CTA/APL AUTOMATICAS,,,5538.53,custo_2025_06.xls,01/06/2025
11/06/2025,ELECTRONFRIGOMUNDO,9212,-17.87,,custo_2025_06.xls,01/06/2025
11/06/2025,ELECTRONMINI EXTRA-,9212,-15.79,,custo_2025_06.xls,01/06/2025
11/06/2025,ELECTRONRS AVILA,9212,-50.03,,custo_2025_06.xls,01/06/2025
11/06/2025,ELECTRONRS AVILA,9212,-2.2,,custo_2025_06.xls,01/06/2025
11/06/2025,REND PAGO APLIC AUT MAIS,,0.01,,custo_2025_06.xls,01/06/2025
11/06/2025,SDO CTA/APL AUTOMATICAS,,,5452.65,custo_2025_06.xls,01/06/2025
12/06/2025,ELECTRONeltonfernan,9212,-20.0,,custo_2025_06.xls,01/06/2025
12/06/2025,ELECTRONMINI EXTRA-,9212,-51.07,,custo_2025_06.xls,01/06/2025
12/06/2025,PIX TRANSF  ULLE DA12/06,9127,50.0,,custo_2025_06.xls,01/06/2025
12/06/2025,SDO CTA/APL AUTOMATICAS,,,5431.58,custo_2025_06.xls,01/06/2025
13/06/2025,ELECTRONCOFFEE HALL,9212,-31.0,,custo_2025_06.xls,01/06/2025
13/06/2025,ELECTRONPadariaChar,9212,-8.99,,custo_2025_06.xls,01/06/2025
13/06/2025,ELECTRONPERTO,9212,-20.0,,custo_2025_06.xls,01/06/2025
13/06/2025,ELECTRONREAL BRASIL,9212,-16.0,,custo_2025_06.xls,01/06/2025
13/06/2025,PIX QRS Uber13/06,9136,-47.99,,custo_2025_06.xls,01/06/2025
13/06/2025,PIX QRS Uber13/06,9123,-47.98,,custo_2025_06.xls,01/06/2025
13/06/2025,PAGTO ADIANT SALARIAL,1268,4280.44,,custo_2025_06.xls,01/06/2025
13/06/2025,PAGTO 13. SALARIO,1268,5350.56,,custo_2025_06.xls,01/06/2025
13/06/2025,DEV PIX Uber13/06,9953,47.99,,custo_2025_06.xls,01/06/2025
13/06/2025,PIX TRANSF  JOHANIS13/06,9026,50.0,,custo_2025_06.xls,01/06/2025
13/06/2025,SDO CTA/APL AUTOMATICAS,,,14988.61,custo_2025_06.xls,01/06/2025
16/06/2025,SAQUE BANCO24H697048659,9129,-20.0,,custo_2025_06.xls,01/06/2025
16/06/2025,ELECTRONBarracaDoLu,9212,-24.0,,custo_2025_06.xls,01/06/2025
16/06/2025,ELECTRONBURGER KING,9212,-90.28,,custo_2025_06.xls,01/06/2025
16/06/2025,ELECTRONCINEMARK GU,9212,-72.0,,custo_2025_06.xls,01/06/2025
16/06/2025,ELECTRONFRIGOMUNDO,9212,-29.2,,custo_2025_06.xls,01/06/2025
16/06/2025,ELECTRONGILDO ANDRA,9212,-10.0,,custo_2025_06.xls,01/06/2025
16/06/2025,ELECTRONIgreja Meto,9212,-30.0,,custo_2025_06.xls,01/06/2025
16/06/2025,ELECTRONLOJAS AMERI,9212,-55.34,,custo_2025_06.xls,01/06/2025
16/06/2025,ELECTRONLOJAS AMERI,9212,-11.99,,custo_2025_06.xls,01/06/2025
16/06/2025,ELECTRONMAGAZINE DO,9212,-45.0,,custo_2025_06.xls,01/06/2025
16/06/2025,ELECTRONMILKY MOOO,9212,-27.0,,custo_2025_06.xls,01/06/2025
16/06/2025,ELECTRONMP*MPPAULOV,9212,-5.0,,custo_2025_06.xls,01/06/2025
16/06/2025,ELECTRONNEO GEO WOR,9212,-105.0,,custo_2025_06.xls,01/06/2025
16/06/2025,ELECTRONNM PIZZARIA,9212,-37.9,,custo_2025_06.xls,01/06/2025
16/06/2025,ELECTRONNM PIZZARIA,9212,-12.0,,custo_2025_06.xls,01/06/2025
16/06/2025,ELECTRONPADARIA DEL,9212,-75.88,,custo_2025_06.xls,01/06/2025
16/06/2025,ELECTRONRM MASSAS C,9212,-80.48,,custo_2025_06.xls,01/06/2025
16/06/2025,ELECTRONRRJ BANANAS,9212,-20.0,,custo_2025_06.xls,01/06/2025
16/06/2025,ELECTRONWAGNER OVOS,9212,-30.0,,custo_2025_06.xls,01/06/2025
16/06/2025,PIX QRS CEA PAY FUN16/06,9327,-211.81,,custo_2025_06.xls,01/06/2025
16/06/2025,PIX QRS Uber14/06,9779,-13.46,,custo_2025_06.xls,01/06/2025
16/06/2025,PIX QRS Uber14/06,9026,-19.99,,custo_2025_06.xls,01/06/2025
16/06/2025,PIX QRS Uber15/06,9125,-14.19,,custo_2025_06.xls,01/06/2025
16/06/2025,PIX TRANSF  ANDRE N14/06,9122,-50.0,,custo_2025_06.xls,01/06/2025
16/06/2025,PIX TRANSF  IMW 3 R15/06,9130,-200.0,,custo_2025_06.xls,01/06/2025
16/06/2025,INT ITAU VISA,4175,-1514.57,,custo_2025_06.xls,01/06/2025
16/06/2025,DA  CLARO CELULAR  64592,9293,-160.24,,custo_2025_06.xls,01/06/2025
16/06/2025,DA  ELETROPAULO 11701161,9293,-106.52,,custo_2025_06.xls,01/06/2025
16/06/2025,REND PAGO APLIC AUT MAIS,,0.76,,custo_2025_06.xls,01/06/2025
16/06/2025,SDO CTA/APL AUTOMATICAS,,,11917.52,custo_2025_06.xls,01/06/2025
17/06/2025,ELECTRONPAES E DOCE,9212,-9.0,,custo_2025_06.xls,01/06/2025
17/06/2025,ELECTRONPERTO,9212,-30.0,,custo_2025_06.xls,01/06/2025
17/06/2025,ELECTRONReginaldoca,9212,-8.0,,custo_2025_06.xls,01/06/2025
17/06/2025,ELECTRONRESTAURANTE,9212,-37.0,,custo_2025_06.xls,01/06/2025
17/06/2025,PIX TRANSF  CAIXA E17/06,9120,228.58,,custo_2025_06.xls,01/06/2025
17/06/2025,PIX TRANSF  Luiz Gu17/06,9127,50.0,,custo_2025_06.xls,01/06/2025
17/06/2025,SDO CTA/APL AUTOMATICAS,,,12112.1,custo_2025_06.xls,01/06/2025
18/06/2025,PIX TRANSF  AGEMIW18/06,9129,-100.82,,custo_2025_06.xls,01/06/2025
18/06/2025,PIX TRANSF  EDMILSO18/06,9014,-48.0,,custo_2025_06.xls,01/06/2025
18/06/2025,REND PAGO APLIC AUT MAIS,,0.01,,custo_2025_06.xls,01/06/2025
18/06/2025,SDO CTA/APL AUTOMATICAS,,,11963.29,custo_2025_06.xls,01/06/2025
20/06/2025,ELECTRONAndreiaMari,9212,-15.0,,custo_2025_06.xls,01/06/2025
20/06/2025,ELECTRONDELICIAS DE,9212,-80.0,,custo_2025_06.xls,01/06/2025
20/06/2025,ELECTRONLUIZ ANTONI,9212,-46.0,,custo_2025_06.xls,01/06/2025
20/06/2025,ELECTRONMINI EXTRA-,9212,-34.38,,custo_2025_06.xls,01/06/2025
20/06/2025,ELECTRONPadariaChar,9212,-34.19,,custo_2025_06.xls,01/06/2025
20/06/2025,ELECTRONREAL BRASIL,9212,-18.0,,custo_2025_06.xls,01/06/2025
20/06/2025,ELECTRONSABOR DO PA,9212,-45.0,,custo_2025_06.xls,01/06/2025
20/06/2025,PIX QRS SHPP BRASIL19/06,9131,-41.9,,custo_2025_06.xls,01/06/2025
20/06/2025,PIX TRANSF  Sebasti19/06,9136,-10.0,,custo_2025_06.xls,01/06/2025
20/06/2025,PIX TRANSF  Iego Ke20/06,9014,50.0,,custo_2025_06.xls,01/06/2025
20/06/2025,PIX TRANSF  JONY AL20/06,9327,15.0,,custo_2025_06.xls,01/06/2025
20/06/2025,PIX TRANSF  LUCIANO20/06,9127,20.0,,custo_2025_06.xls,01/06/2025
20/06/2025,PIX TRANSF  SMART A19/06,9124,50.0,,custo_2025_06.xls,01/06/2025
20/06/2025,DA  CLARO RESID 75680788,9293,-245.71,,custo_2025_06.xls,01/06/2025
20/06/2025,REND PAGO APLIC AUT MAIS,,0.02,,custo_2025_06.xls,01/06/2025
20/06/2025,SDO CTA/APL AUTOMATICAS,,,11528.13,custo_2025_06.xls,01/06/2025
23/06/2025,FINANC IMOBILIARIO   039,9136,-2753.29,,custo_2025_06.xls,01/06/2025
23/06/2025,ELECTRONBarracaDoCu,9212,-5.0,,custo_2025_06.xls,01/06/2025
23/06/2025,ELECTRONBANANAS ANA,9212,-15.0,,custo_2025_06.xls,01/06/2025
23/06/2025,ELECTRONCarlosDiyod,9212,-10.0,,custo_2025_06.xls,01/06/2025
23/06/2025,ELECTRONCASSIO ANDR,9212,-15.0,,custo_2025_06.xls,01/06/2025
23/06/2025,ELECTRONFRIGOMUNDO,9212,-61.9,,custo_2025_06.xls,01/06/2025
23/06/2025,ELECTRONMERCADOPAGO,9212,-60.0,,custo_2025_06.xls,01/06/2025
23/06/2025,ELECTRONMERCADOPAGO,9212,-10.0,,custo_2025_06.xls,01/06/2025
23/06/2025,ELECTRONMINI EXTRA-,9212,-16.79,,custo_2025_06.xls,01/06/2025
23/06/2025,ELECTRONMINI EXTRA-,9212,-47.15,,custo_2025_06.xls,01/06/2025
23/06/2025,ELECTRONPATRICIAPER,9212,-12.0,,custo_2025_06.xls,01/06/2025
23/06/2025,ELECTRONRobinson,9212,-17.0,,custo_2025_06.xls,01/06/2025
23/06/2025,ELECTRONRosileneDaS,9212,-5.0,,custo_2025_06.xls,01/06/2025
23/06/2025,PIX QRS UBER DO BRA21/06,9122,-12.73,,custo_2025_06.xls,01/06/2025
23/06/2025,PIX QRS UBER DO BRA21/06,9126,-12.69,,custo_2025_06.xls,01/06/2025
23/06/2025,PIX QRS UBER DO BRA21/06,9123,-13.47,,custo_2025_06.xls,01/06/2025
23/06/2025,PIX QRS UBER DO BRA22/06,9136,-12.7,,custo_2025_06.xls,01/06/2025
23/06/2025,PIX QRS UBER DO BRA22/06,9131,-0.62,,custo_2025_06.xls,01/06/2025
23/06/2025,PIX TRANSF  MARIA A21/06,9131,-69.0,,custo_2025_06.xls,01/06/2025
23/06/2025,DEV PIX UBER DO BRA21/06,9129,12.73,,custo_2025_06.xls,01/06/2025
23/06/2025,PIX TRANSF  MICHELL21/06,9028,38.0,,custo_2025_06.xls,01/06/2025
23/06/2025,PIX TRANSF  MOLIKY 23/06,9026,35.0,,custo_2025_06.xls,01/06/2025
23/06/2025,DA  COMGAS 51448254,9293,-426.07,,custo_2025_06.xls,01/06/2025
23/06/2025,REND PAGO APLIC AUT MAIS,,0.14,,custo_2025_06.xls,01/06/2025
23/06/2025,SDO CTA/APL AUTOMATICAS,,,8038.59,custo_2025_06.xls,01/06/2025
24/06/2025,ELECTRONMAGAZINE DO,9212,-2.0,,custo_2025_06.xls,01/06/2025
24/06/2025,SDO CTA/APL AUTOMATICAS,,,8036.59,custo_2025_06.xls,01/06/2025
25/06/2025,ELECTRONBB TRANSPOR,9212,-30.0,,custo_2025_06.xls,01/06/2025
25/06/2025,ELECTRONMARIA CELIA,9212,-18.0,,custo_2025_06.xls,01/06/2025
25/06/2025,ELECTRONPAES E DOCE,9212,-8.99,,custo_2025_06.xls,01/06/2025
25/06/2025,ELECTRONPERTO,9212,-30.0,,custo_2025_06.xls,01/06/2025
25/06/2025,ELECTRONPERTO,9212,-50.0,,custo_2025_06.xls,01/06/2025
25/06/2025,ELECTRONQUINTA DO C,9212,-107.59,,custo_2025_06.xls,01/06/2025
25/06/2025,PIX TRANSF  REAL BR25/06,9122,-800.0,,custo_2025_06.xls,01/06/2025
25/06/2025,REND PAGO APLIC AUT MAIS,,0.03,,custo_2025_06.xls,01/06/2025
25/06/2025,SDO CTA/APL AUTOMATICAS,,,6992.04,custo_2025_06.xls,01/06/2025
26/06/2025,SDO CTA/APL AUTOMATICAS,,,6992.04,custo_2025_06.xls,01/06/2025
27/06/2025,ELECTRONREAL BRASIL,9212,-12.0,,custo_2025_06.xls,01/06/2025
27/06/2025,SDO CTA/APL AUTOMATICAS,,,6980.04,custo_2025_06.xls,01/06/2025
30/06/2025,ELECTRONCANTINA DO,9212,-22.0,,custo_2025_06.xls,01/06/2025
30/06/2025,PIX TRANSF  DORALIC28/06,9129,-70.0,,custo_2025_06.xls,01/06/2025
30/06/2025,PIX TRANSF  AGDA CA28/06,9014,20.0,,custo_2025_06.xls,01/06/2025
30/06/2025,PIX TRANSF  DEBORA 28/06,9126,20.0,,custo_2025_06.xls,01/06/2025
30/06/2025,PIX TRANSF  ILSON D28/06,9026,20.0,,custo_2025_06.xls,01/06/2025
30/06/2025,PIX TRANSF  JONY AL28/06,9127,15.0,,custo_2025_06.xls,01/06/2025
30/06/2025,SALDO DO DIA,,,6963.04,custo_2025_06.xls,01/06/2025
30/06/2025,SALDO ANTERIOR,,,1.0,custo_2025_07.xls,01/07/2025
01/07/2025,PIX TRANSF  LUCIANO01/07,9126,50.0,,custo_2025_07.xls,01/07/2025
01/07/2025,SABESP      3082129325,9293,-377.76,,custo_2025_07.xls,01/07/2025
01/07/2025,REND PAGO APLIC AUT MAIS,,0.02,,custo_2025_07.xls,01/07/2025
01/07/2025,SDO CTA/APL AUTOMATICAS,,,6635.3,custo_2025_07.xls,01/07/2025
02/07/2025,ELECTRONLanchoneteF,9212,-40.0,,custo_2025_07.xls,01/07/2025
02/07/2025,PIX QRS UBER DO BRA02/07,9120,-14.21,,custo_2025_07.xls,01/07/2025
02/07/2025,PIX QRS UBER DO BRA02/07,9122,-1.56,,custo_2025_07.xls,01/07/2025
02/07/2025,TAR PACOTE ITAU   JUN/25,9293,-92.5,,custo_2025_07.xls,01/07/2025
02/07/2025,REND PAGO APLIC AUT MAIS,,0.01,,custo_2025_07.xls,01/07/2025
02/07/2025,SDO CTA/APL AUTOMATICAS,,,6487.04,custo_2025_07.xls,01/07/2025
03/07/2025,ELECTRONPAES E DOCE,9212,-16.99,,custo_2025_07.xls,01/07/2025
03/07/2025,ELECTRONRESTAURANTE,9212,-32.0,,custo_2025_07.xls,01/07/2025
03/07/2025,PIX TRANSF  MICHELL03/07,9026,1000.0,,custo_2025_07.xls,01/07/2025
03/07/2025,SDO CTA/APL AUTOMATICAS,,,7438.05,custo_2025_07.xls,01/07/2025
04/07/2025,ELECTRONLUIZ ANTONI,9212,-52.5,,custo_2025_07.xls,01/07/2025
04/07/2025,PAGTO SALARIO,1268,2548.78,,custo_2025_07.xls,01/07/2025
04/07/2025,SDO CTA/APL AUTOMATICAS,,,9934.33,custo_2025_07.xls,01/07/2025
07/07/2025,ELECTRONBarracaDoCu,9212,-5.0,,custo_2025_07.xls,01/07/2025
07/07/2025,ELECTRONBANANAS ANA,9212,-15.0,,custo_2025_07.xls,01/07/2025
07/07/2025,ELECTRONCASA DE BOL,9212,-14.0,,custo_2025_07.xls,01/07/2025
07/07/2025,ELECTRONCASA DO NOR,9212,-166.73,,custo_2025_07.xls,01/07/2025
07/07/2025,ELECTRONCASSIO ANDR,9212,-47.0,,custo_2025_07.xls,01/07/2025
07/07/2025,ELECTRONDA PRACA ZO,9212,-38.72,,custo_2025_07.xls,01/07/2025
07/07/2025,ELECTRONFRIGOMUNDO,9212,-2.83,,custo_2025_07.xls,01/07/2025
07/07/2025,ELECTRONMERCADOPAGO,9212,-16.0,,custo_2025_07.xls,01/07/2025
07/07/2025,ELECTRONMINI EXTRA-,9212,-65.34,,custo_2025_07.xls,01/07/2025
07/07/2025,ELECTRONOrielPereir,9212,-44.0,,custo_2025_07.xls,01/07/2025
07/07/2025,ELECTRONRS AVILA,9212,-57.08,,custo_2025_07.xls,01/07/2025
07/07/2025,ELECTRONThiemiComer,9212,-18.5,,custo_2025_07.xls,01/07/2025
07/07/2025,PAG BOLETO  CONDOMINIO E,9026,-729.63,,custo_2025_07.xls,01/07/2025
07/07/2025,PIX QRS UBER DO BRA06/07,9925,-14.33,,custo_2025_07.xls,01/07/2025
07/07/2025,PIX QRS UBER DO BRA06/07,9126,-14.33,,custo_2025_07.xls,01/07/2025
07/07/2025,PIX TRANSF  IMW 3 R07/07,9014,-25.0,,custo_2025_07.xls,01/07/2025
07/07/2025,PIX TRANSF  IMW 3 R07/07,9130,-200.1,,custo_2025_07.xls,01/07/2025
07/07/2025,PIX TRANSF  Leonard06/07,9925,-25.0,,custo_2025_07.xls,01/07/2025
07/07/2025,PIX TRANSF  REAL BR07/07,9779,-130.0,,custo_2025_07.xls,01/07/2025
07/07/2025,DEV PIX UBER DO BRA06/07,9953,14.33,,custo_2025_07.xls,01/07/2025
07/07/2025,DA  CLARO CELULAR  68279,9293,-52.95,,custo_2025_07.xls,01/07/2025
07/07/2025,REND PAGO APLIC AUT MAIS,,0.18,,custo_2025_07.xls,01/07/2025
07/07/2025,SDO CTA/APL AUTOMATICAS,,,8267.3,custo_2025_07.xls,01/07/2025
08/07/2025,ELECTRONTREMBALA CO,9212,-24.9,,custo_2025_07.xls,01/07/2025
08/07/2025,PIX TRANSF  ELIAS R08/07,9029,-30.0,,custo_2025_07.xls,01/07/2025
08/07/2025,SDO CTA/APL AUTOMATICAS,,,8212.4,custo_2025_07.xls,01/07/2025
10/07/2025,ELECTRONBOTECO VARA,9212,-21.8,,custo_2025_07.xls,01/07/2025
10/07/2025,ELECTRONDAMACIO PER,9212,-6.95,,custo_2025_07.xls,01/07/2025
10/07/2025,ELECTRONDIA BRASIL,9212,-73.22,,custo_2025_07.xls,01/07/2025
10/07/2025,ELECTRONFRIGOMUNDO,9212,-50.78,,custo_2025_07.xls,01/07/2025
10/07/2025,ELECTRONFRIGOMUNDO,9212,-47.3,,custo_2025_07.xls,01/07/2025
10/07/2025,ELECTRONIMPERIO MIN,9212,-66.05,,custo_2025_07.xls,01/07/2025
10/07/2025,ELECTRONLOJAS AMERI,9212,-87.95,,custo_2025_07.xls,01/07/2025
10/07/2025,ELECTRONMINI EXTRA-,9212,-59.98,,custo_2025_07.xls,01/07/2025
10/07/2025,ELECTRONMINI EXTRA-,9212,-10.89,,custo_2025_07.xls,01/07/2025
10/07/2025,ELECTRONPAES E DOCE,9212,-4.99,,custo_2025_07.xls,01/07/2025
10/07/2025,ELECTRONPERTO,9212,-30.0,,custo_2025_07.xls,01/07/2025
10/07/2025,ELECTRONPERTO,9212,-50.0,,custo_2025_07.xls,01/07/2025
10/07/2025,ELECTRONSANTANA,9212,-6.0,,custo_2025_07.xls,01/07/2025
10/07/2025,PAGTO FERIAS,1268,5651.3,,custo_2025_07.xls,01/07/2025
10/07/2025,REND PAGO APLIC AUT MAIS,,0.03,,custo_2025_07.xls,01/07/2025
10/07/2025,PIX TRANSF  MAURINI09/07,9136,50.0,,custo_2025_07.xls,01/07/2025
10/07/2025,SEGURO CARTAO,9293,-8.57,,custo_2025_07.xls,01/07/2025
10/07/2025,DEB AUTOR UNICEF,9293,-85.0,,custo_2025_07.xls,01/07/2025
10/07/2025,SDO CTA/APL AUTOMATICAS,,,13304.25,custo_2025_07.xls,01/07/2025
11/07/2025,ELECTRONGvd,9212,-36.0,,custo_2025_07.xls,01/07/2025
11/07/2025,ELECTRONGvd,9212,-35.0,,custo_2025_07.xls,01/07/2025
11/07/2025,ELECTRONMINI EXTRA-,9212,-7.78,,custo_2025_07.xls,01/07/2025
11/07/2025,ELECTRONPAES E DOCE,9212,-8.99,,custo_2025_07.xls,01/07/2025
11/07/2025,ELECTRONReginaldoca,9212,-8.0,,custo_2025_07.xls,01/07/2025
11/07/2025,ELECTRONREAL BRASIL,9212,-15.99,,custo_2025_07.xls,01/07/2025
11/07/2025,ELECTRONREAL BRASIL,9212,-16.0,,custo_2025_07.xls,01/07/2025
11/07/2025,ELECTRONRESTAURANTE,9212,-32.0,,custo_2025_07.xls,01/07/2025
11/07/2025,PIX TRANSF  Joao Pe11/07,9026,10.0,,custo_2025_07.xls,01/07/2025
11/07/2025,REND PAGO APLIC AUT MAIS,,0.03,,custo_2025_07.xls,01/07/2025
11/07/2025,SDO CTA/APL AUTOMATICAS,,,13154.52,custo_2025_07.xls,01/07/2025
14/07/2025,ELECTRONBananas,9212,-15.0,,custo_2025_07.xls,01/07/2025
14/07/2025,ELECTRONCarlosDiyod,9212,-15.0,,custo_2025_07.xls,01/07/2025
14/07/2025,ELECTRONCASSIO ANDR,9212,-24.0,,custo_2025_07.xls,01/07/2025
14/07/2025,ELECTRONFEIRANTES,9212,-10.0,,custo_2025_07.xls,01/07/2025
14/07/2025,ELECTRONFRIGOMUNDO,9212,-40.94,,custo_2025_07.xls,01/07/2025
14/07/2025,ELECTRONFRIGOMUNDO,9212,-71.0,,custo_2025_07.xls,01/07/2025
14/07/2025,ELECTRONGvd,9212,-65.0,,custo_2025_07.xls,01/07/2025
14/07/2025,ELECTRONIgreja Meto,9212,-20.0,,custo_2025_07.xls,01/07/2025
14/07/2025,ELECTRONMINI EXTRA-,9212,-29.68,,custo_2025_07.xls,01/07/2025
14/07/2025,ELECTRONMINI EXTRA-,9212,-6.89,,custo_2025_07.xls,01/07/2025
14/07/2025,ELECTRONOrielPereir,9212,-18.0,,custo_2025_07.xls,01/07/2025
14/07/2025,ELECTRONPONTO DA ES,9212,-50.0,,custo_2025_07.xls,01/07/2025
14/07/2025,ELECTRONRobinson,9212,-34.0,,custo_2025_07.xls,01/07/2025
14/07/2025,ELECTRONRobinson,9212,-22.0,,custo_2025_07.xls,01/07/2025
14/07/2025,ELECTRONRosileneDaS,9212,-19.0,,custo_2025_07.xls,01/07/2025
14/07/2025,ELECTRONThiemiComer,9212,-18.5,,custo_2025_07.xls,01/07/2025
14/07/2025,PIX QRS UBER DO BRA13/07,9124,-17.94,,custo_2025_07.xls,01/07/2025
14/07/2025,REND PAGO APLIC AUT MAIS,,0.41,,custo_2025_07.xls,01/07/2025
14/07/2025,SDO CTA/APL AUTOMATICAS,,,12677.98,custo_2025_07.xls,01/07/2025
15/07/2025,ELECTRONATACADAO 06,9212,-587.53,,custo_2025_07.xls,01/07/2025
15/07/2025,ELECTRONTEFER,9212,-31.0,,custo_2025_07.xls,01/07/2025
15/07/2025,PIX QRS Antonio Fer15/07,9130,-15.0,,custo_2025_07.xls,01/07/2025
15/07/2025,PIX QRS CEA PAY FUN15/07,9131,-211.81,,custo_2025_07.xls,01/07/2025
15/07/2025,INT ITAU VISA,4175,-1689.65,,custo_2025_07.xls,01/07/2025
15/07/2025,PAGTO ADIANT SALARIAL,1268,2140.22,,custo_2025_07.xls,01/07/2025
15/07/2025,DA  CLARO CELULAR  64592,9293,-160.24,,custo_2025_07.xls,01/07/2025
15/07/2025,REND PAGO APLIC AUT MAIS,,0.49,,custo_2025_07.xls,01/07/2025
15/07/2025,SDO CTA/APL AUTOMATICAS,,,12123.46,custo_2025_07.xls,01/07/2025
16/07/2025,SDO CTA/APL AUTOMATICAS,,,12123.46,custo_2025_07.xls,01/07/2025
17/07/2025,ELECTRONCASA LOTERI,9212,-50.54,,custo_2025_07.xls,01/07/2025
17/07/2025,ELECTRONCASA LOTERI,9212,-20.22,,custo_2025_07.xls,01/07/2025
17/07/2025,ELECTRONMINI EXTRA-,9212,-21.9,,custo_2025_07.xls,01/07/2025
17/07/2025,REND PAGO APLIC AUT MAIS,,0.09,,custo_2025_07.xls,01/07/2025
17/07/2025,SDO CTA/APL AUTOMATICAS,,,12030.89,custo_2025_07.xls,01/07/2025
18/07/2025,ELECTRONCONSOR ESTA,9212,-17.0,,custo_2025_07.xls,01/07/2025
18/07/2025,ELECTRONGUARULHOS S,9212,-111.7,,custo_2025_07.xls,01/07/2025
18/07/2025,ELECTRONGUARULHOS S,9212,-23.9,,custo_2025_07.xls,01/07/2025
18/07/2025,ELECTRONKFC,9212,-42.9,,custo_2025_07.xls,01/07/2025
18/07/2025,ELECTRONPONTO DA ES,9212,-51.0,,custo_2025_07.xls,01/07/2025
18/07/2025,PIX TRANSF  MICHELL18/07,9327,50.0,,custo_2025_07.xls,01/07/2025
18/07/2025,DA  ELETROPAULO 11701161,9293,-124.4,,custo_2025_07.xls,01/07/2025
18/07/2025,REND PAGO APLIC AUT MAIS,,0.33,,custo_2025_07.xls,01/07/2025
18/07/2025,SDO CTA/APL AUTOMATICAS,,,11710.32,custo_2025_07.xls,01/07/2025
21/07/2025,ELECTRONAUTO POSTO,9212,-57.26,,custo_2025_07.xls,01/07/2025
21/07/2025,ELECTRONFRIGOMUNDO,9212,-56.44,,custo_2025_07.xls,01/07/2025
21/07/2025,ELECTRONFRIGOMUNDO,9212,-42.71,,custo_2025_07.xls,01/07/2025
21/07/2025,ELECTRONPadariaChar,9212,-19.59,,custo_2025_07.xls,01/07/2025
21/07/2025,DA  CLARO RESID 75680788,9293,-260.51,,custo_2025_07.xls,01/07/2025
21/07/2025,REND PAGO APLIC AUT MAIS,,0.46,,custo_2025_07.xls,01/07/2025
21/07/2025,SDO CTA/APL AUTOMATICAS,,,11274.27,custo_2025_07.xls,01/07/2025
22/07/2025,ELECTRONLaysRosenoD,9212,-40.0,,custo_2025_07.xls,01/07/2025
22/07/2025,ELECTRONMERCADOPAGO,9212,-20.0,,custo_2025_07.xls,01/07/2025
22/07/2025,ELECTRONTREMBALA CO,9212,-19.4,,custo_2025_07.xls,01/07/2025
22/07/2025,REND PAGO APLIC AUT MAIS,,0.09,,custo_2025_07.xls,01/07/2025
22/07/2025,SDO CTA/APL AUTOMATICAS,,,11194.96,custo_2025_07.xls,01/07/2025
23/07/2025,FINANC IMOBILIARIO   040,9028,-2751.99,,custo_2025_07.xls,01/07/2025
23/07/2025,ELECTRONLUIZ ANTONI,9212,-26.0,,custo_2025_07.xls,01/07/2025
23/07/2025,ELECTRONMINI EXTRA-,9212,-22.96,,custo_2025_07.xls,01/07/2025
23/07/2025,ELECTRONRS AVILA,9212,-29.77,,custo_2025_07.xls,01/07/2025
23/07/2025,REND PAGO APLIC AUT MAIS,,2.86,,custo_2025_07.xls,01/07/2025
23/07/2025,SDO CTA/APL AUTOMATICAS,,,8367.1,custo_2025_07.xls,01/07/2025
24/07/2025,ELECTRONFRIGOMUNDO,9212,-47.87,,custo_2025_07.xls,01/07/2025
24/07/2025,ELECTRONMAGAZINE DO,9212,-15.0,,custo_2025_07.xls,01/07/2025
24/07/2025,ELECTRONMINI EXTRA-,9212,-33.07,,custo_2025_07.xls,01/07/2025
24/07/2025,ELECTRONMINI EXTRA-,9212,-20.99,,custo_2025_07.xls,01/07/2025
24/07/2025,DA  COMGAS 51448254,9293,-311.88,,custo_2025_07.xls,01/07/2025
24/07/2025,REND PAGO APLIC AUT MAIS,,0.04,,custo_2025_07.xls,01/07/2025
24/07/2025,SDO CTA/APL AUTOMATICAS,,,7938.33,custo_2025_07.xls,01/07/2025
25/07/2025,SAQUE BANCO24H283607480,9925,-20.0,,custo_2025_07.xls,01/07/2025
25/07/2025,ELECTRONCHIQUINHO S,9212,-23.0,,custo_2025_07.xls,01/07/2025
25/07/2025,ELECTRONCLARO INT G,9212,-10.0,,custo_2025_07.xls,01/07/2025
25/07/2025,ELECTRONSTAR 111  S,9212,-22.9,,custo_2025_07.xls,01/07/2025
25/07/2025,PIX QRS UBER DO BRA25/07,9327,-22.74,,custo_2025_07.xls,01/07/2025
25/07/2025,REND PAGO APLIC AUT MAIS,,0.01,,custo_2025_07.xls,01/07/2025
25/07/2025,SDO CTA/APL AUTOMATICAS,,,7839.7,custo_2025_07.xls,01/07/2025
28/07/2025,PIX QRS RECEITA FED28/07,9132,-219.82,,custo_2025_07.xls,01/07/2025
28/07/2025,PIX QRS UBER DO BRA26/07,9779,-18.73,,custo_2025_07.xls,01/07/2025
28/07/2025,PIX TRANSF  ELIZABE28/07,9129,-1000.0,,custo_2025_07.xls,01/07/2025
28/07/2025,PIX TRANSF  IMW 3 R27/07,9127,-100.1,,custo_2025_07.xls,01/07/2025
28/07/2025,REND PAGO APLIC AUT MAIS,,0.15,,custo_2025_07.xls,01/07/2025
28/07/2025,SDO CTA/APL AUTOMATICAS,,,6501.2,custo_2025_07.xls,01/07/2025
29/07/2025,ELECTRONPERTO,9212,-30.0,,custo_2025_07.xls,01/07/2025
29/07/2025,PIX TRANSF  SAFIRA 29/07,9130,-700.0,,custo_2025_07.xls,01/07/2025
29/07/2025,REND PAGO APLIC AUT MAIS,,0.09,,custo_2025_07.xls,01/07/2025
29/07/2025,SDO CTA/APL AUTOMATICAS,,,5771.29,custo_2025_07.xls,01/07/2025
30/07/2025,PIX TRANSF  EDMILSO30/07,9124,-12.0,,custo_2025_07.xls,01/07/2025
30/07/2025,PIX TRANSF  Jose De30/07,9121,-10.0,,custo_2025_07.xls,01/07/2025
30/07/2025,SDO CTA/APL AUTOMATICAS,,,5749.29,custo_2025_07.xls,01/07/2025
31/07/2025,PIX TRANSF  ANDRE N31/07,9953,-30.0,,custo_2025_07.xls,01/07/2025
31/07/2025,SDO CTA/APL AUTOMATICAS,,,5719.29,custo_2025_07.xls,01/07/2025
31/07/2025,SALDO DO DIA,,,1.0,custo_2025_07.xls,01/07/2025
31/07/2025,SALDO ANTERIOR,,,5719.29,custo_2025_08.xls,01/08/2025
01/08/2025,PIX TRANSF  MICHELL01/08,9122,1000.0,,custo_2025_08.xls,01/08/2025
01/08/2025,SABESP      3082129325,9293,-257.32,,custo_2025_08.xls,01/08/2025
01/08/2025,SABESP      3082129325,9293,-377.76,,custo_2025_08.xls,01/08/2025
01/08/2025,SDO CTA/APL AUTOMATICAS,,,6084.21,custo_2025_08.xls,01/08/2025
04/08/2025,ELECTRONCENTURY PAE,9212,-45.91,,custo_2025_08.xls,01/08/2025
04/08/2025,ELECTRONFRIGOMUNDO,9212,-68.65,,custo_2025_08.xls,01/08/2025
04/08/2025,ELECTRONPADARIA JD,9212,-61.91,,custo_2025_08.xls,01/08/2025
04/08/2025,ELECTRONPONTO DA ES,9212,-44.0,,custo_2025_08.xls,01/08/2025
04/08/2025,ELECTRONQUITANDA E,9212,-13.9,,custo_2025_08.xls,01/08/2025
04/08/2025,ELECTRONSALGADO E A,9212,-12.9,,custo_2025_08.xls,01/08/2025
04/08/2025,PIX QRS ARCOS DOURA02/08,9129,-86.8,,custo_2025_08.xls,01/08/2025
04/08/2025,PIX QRS IFOOD.COM A03/08,9014,-119.89,,custo_2025_08.xls,01/08/2025
04/08/2025,PIX QRS UBER DO BRA03/08,9125,-14.17,,custo_2025_08.xls,01/08/2025
04/08/2025,PIX QRS UBER DO BRA03/08,9130,-20.23,,custo_2025_08.xls,01/08/2025
04/08/2025,PIX TRANSF  Bruno R03/08,9126,-10.0,,custo_2025_08.xls,01/08/2025
04/08/2025,PIX TRANSF  MICHELL02/08,9122,60.0,,custo_2025_08.xls,01/08/2025
04/08/2025,TAR PACOTE ITAU   JUL/25,9293,-92.5,,custo_2025_08.xls,01/08/2025
04/08/2025,REND PAGO APLIC AUT MAIS,,0.4,,custo_2025_08.xls,01/08/2025
04/08/2025,SDO CTA/APL AUTOMATICAS,,,5553.75,custo_2025_08.xls,01/08/2025
05/08/2025,ELECTRONSALGADO E A,9212,-37.66,,custo_2025_08.xls,01/08/2025
05/08/2025,ELECTRONSALGADO E A,9212,-43.5,,custo_2025_08.xls,01/08/2025
05/08/2025,PIX QRS UBER DO BRA05/08,9132,-19.43,,custo_2025_08.xls,01/08/2025
05/08/2025,PAGTO SALARIO,1268,1394.59,,custo_2025_08.xls,01/08/2025
05/08/2025,DA  CLARO CELULAR  68279,9293,-52.95,,custo_2025_08.xls,01/08/2025
05/08/2025,SDO CTA/APL AUTOMATICAS,,,6794.8,custo_2025_08.xls,01/08/2025
06/08/2025,ELECTRONSALGADO E A,9212,-39.1,,custo_2025_08.xls,01/08/2025
06/08/2025,PIX QRS ANDRE NASCI06/08,9773,-100.0,,custo_2025_08.xls,01/08/2025
06/08/2025,PIX TRANSF  Andre N06/08,9123,-100.0,,custo_2025_08.xls,01/08/2025
06/08/2025,REND PAGO APLIC AUT MAIS,,0.03,,custo_2025_08.xls,01/08/2025
06/08/2025,SDO CTA/APL AUTOMATICAS,,,6555.73,custo_2025_08.xls,01/08/2025
07/08/2025,ELECTRONCB HCS SANT,9212,-18.9,,custo_2025_08.xls,01/08/2025
07/08/2025,ELECTRONCENTURY PAE,9212,-51.33,,custo_2025_08.xls,01/08/2025
07/08/2025,ELECTRONSALGADO E A,9212,-26.8,,custo_2025_08.xls,01/08/2025
07/08/2025,REND PAGO APLIC AUT MAIS,,0.02,,custo_2025_08.xls,01/08/2025
07/08/2025,SDO CTA/APL AUTOMATICAS,,,6458.72,custo_2025_08.xls,01/08/2025
08/08/2025,ELECTRONSALGADO E A,9212,-38.8,,custo_2025_08.xls,01/08/2025
08/08/2025,ELECTRONSALGADO E A,9212,-25.9,,custo_2025_08.xls,01/08/2025
08/08/2025,ELECTRONSALGADO E A,9212,-12.9,,custo_2025_08.xls,01/08/2025
08/08/2025,PAG BOLETO  CONDOMINIO E,9132,-729.63,,custo_2025_08.xls,01/08/2025
08/08/2025,REND PAGO APLIC AUT MAIS,,0.14,,custo_2025_08.xls,01/08/2025
08/08/2025,SDO CTA/APL AUTOMATICAS,,,5651.63,custo_2025_08.xls,01/08/2025
11/08/2025,ELECTRONCARREFOUR X,9212,-78.79,,custo_2025_08.xls,01/08/2025
11/08/2025,ELECTRONCENTURY PAE,9212,-9.95,,custo_2025_08.xls,01/08/2025
11/08/2025,ELECTRONCENTURY PAE,9212,-51.55,,custo_2025_08.xls,01/08/2025
11/08/2025,ELECTRONFRIGOMUNDO,9212,-56.18,,custo_2025_08.xls,01/08/2025
11/08/2025,ELECTRONMUNDOMED DR,9212,-8.69,,custo_2025_08.xls,01/08/2025
11/08/2025,ELECTRONNMBlessedMo,9212,-28.0,,custo_2025_08.xls,01/08/2025
11/08/2025,ELECTRONPOINT SANTA,9212,-51.9,,custo_2025_08.xls,01/08/2025
11/08/2025,ELECTRONSALGADO E A,9212,-12.9,,custo_2025_08.xls,01/08/2025
11/08/2025,ELECTRONSALGADO E A,9212,-13.7,,custo_2025_08.xls,01/08/2025
11/08/2025,ELECTRON34392306Cle,9212,-20.0,,custo_2025_08.xls,01/08/2025
11/08/2025,PIX TRANSF  ANDRE N10/08,9125,-100.0,,custo_2025_08.xls,01/08/2025
11/08/2025,PIX TRANSF  REAL BR09/08,9121,-130.0,,custo_2025_08.xls,01/08/2025
11/08/2025,SEGURO CARTAO,9293,-8.57,,custo_2025_08.xls,01/08/2025
11/08/2025,REND PAGO APLIC AUT MAIS,,0.54,,custo_2025_08.xls,01/08/2025
11/08/2025,SDO CTA/APL AUTOMATICAS,,,5081.94,custo_2025_08.xls,01/08/2025
12/08/2025,ELECTRONCENTURY PAE,9212,-24.85,,custo_2025_08.xls,01/08/2025
12/08/2025,ELECTRONFRIGOMUNDO,9212,-3.5,,custo_2025_08.xls,01/08/2025
12/08/2025,ELECTRONMINI EXTRA-,9212,-23.16,,custo_2025_08.xls,01/08/2025
12/08/2025,ELECTRONPERTO,9212,-30.0,,custo_2025_08.xls,01/08/2025
12/08/2025,PIX QRS UBER DO BRA12/08,9120,-1.55,,custo_2025_08.xls,01/08/2025
12/08/2025,PIX QRS UBER DO BRA12/08,9127,-5.21,,custo_2025_08.xls,01/08/2025
12/08/2025,REND PAGO APLIC AUT MAIS,,0.09,,custo_2025_08.xls,01/08/2025
12/08/2025,SDO CTA/APL AUTOMATICAS,,,4993.76,custo_2025_08.xls,01/08/2025
13/08/2025,ELECTRONCENTURY PAE,9212,-24.85,,custo_2025_08.xls,01/08/2025
13/08/2025,ELECTRONOXXO CAMILO,9212,-78.26,,custo_2025_08.xls,01/08/2025
13/08/2025,ELECTRONSALGADO E A,9212,-29.4,,custo_2025_08.xls,01/08/2025
13/08/2025,PIX QRS CEA PAY FUN13/08,9953,-78.13,,custo_2025_08.xls,01/08/2025
13/08/2025,REND PAGO APLIC AUT MAIS,,0.21,,custo_2025_08.xls,01/08/2025
13/08/2025,SDO CTA/APL AUTOMATICAS,,,4783.33,custo_2025_08.xls,01/08/2025
14/08/2025,ELECTRONATACADAO 06,9212,-411.09,,custo_2025_08.xls,01/08/2025
14/08/2025,ELECTRONGALPAO GAUC,9212,-100.0,,custo_2025_08.xls,01/08/2025
14/08/2025,ELECTRONOXXO CAMILO,9212,-18.99,,custo_2025_08.xls,01/08/2025
14/08/2025,ELECTRONSALGADO E A,9212,-60.3,,custo_2025_08.xls,01/08/2025
14/08/2025,PIX QRS UBER DO BRA14/08,9126,-14.94,,custo_2025_08.xls,01/08/2025
14/08/2025,REND PAGO APLIC AUT MAIS,,0.65,,custo_2025_08.xls,01/08/2025
14/08/2025,SDO CTA/APL AUTOMATICAS,,,4178.66,custo_2025_08.xls,01/08/2025
15/08/2025,INT ITAU VISA,4175,-1678.37,,custo_2025_08.xls,01/08/2025
15/08/2025,PAGTO ADIANT SALARIAL,1268,4280.44,,custo_2025_08.xls,01/08/2025
15/08/2025,DA  CLARO CELULAR  64592,,-160.24,,custo_2025_08.xls,01/08/2025
15/08/2025,DEB AUTOR UNICEF,,-85.0,,custo_2025_08.xls,01/08/2025
15/08/2025,SDO CTA/APL AUTOMATICAS,,,6535.49,custo_2025_08.xls,01/08/2025
18/08/2025,ELECTRONOrielPereir,6509,-40.0,,custo_2025_08.xls,01/08/2025
18/08/2025,ELECTRONOrielPereir,6509,-10.0,,custo_2025_08.xls,01/08/2025
18/08/2025,ELECTRONCarlosDiyod,6501,-5.0,,custo_2025_08.xls,01/08/2025
18/08/2025,ELECTRONBarracaDoCu,6501,-17.0,,custo_2025_08.xls,01/08/2025
18/08/2025,ELECTRONCASSIO ANDR,6509,-10.0,,custo_2025_08.xls,01/08/2025
18/08/2025,ELECTRONGILDASIO AL,6501,-15.0,,custo_2025_08.xls,01/08/2025
18/08/2025,ELECTRONBANANAS ANA,6509,-15.0,,custo_2025_08.xls,01/08/2025
18/08/2025,ELECTRONThiemiComer,6501,-37.0,,custo_2025_08.xls,01/08/2025
18/08/2025,ELECTRONRobsonRamos,6501,-10.0,,custo_2025_08.xls,01/08/2025
18/08/2025,ELECTRONOrielPereir,6509,-20.0,,custo_2025_08.xls,01/08/2025
18/08/2025,ELECTRONOrielPereir,6509,-9.0,,custo_2025_08.xls,01/08/2025
18/08/2025,ELECTRONFRIGOMUNDO,6509,-66.52,,custo_2025_08.xls,01/08/2025
18/08/2025,PIX TRANSF  MICHELL16/08,9120,50.0,,custo_2025_08.xls,01/08/2025
18/08/2025,ELECTRONPONTO DA ES,6509,-52.0,,custo_2025_08.xls,01/08/2025
18/08/2025,ELECTRONNM PIZZARIA,6501,-37.9,,custo_2025_08.xls,01/08/2025
18/08/2025,SALDO DO DIA,,,6241.07,custo_2025_08.xls,01/08/2025
18/08/2025,DA  ELETROPAULO 11701161,,-111.93,,custo_2025_08.xls,01/08/2025
20/08/2025,DA  CLARO RESID 75680788,,-258.65,,custo_2025_08.xls,01/08/2025
25/08/2025,FINANC IMOBILIARIO   041,,-2750.73,,custo_2025_08.xls,01/08/2025
25/08/2025,SALDO DO DIA,,,3119.7599999999998,custo_2025_08.xls,01/08/2025
30/08/2025,SALDO ANTERIOR,,,3119.76,custo_2025_09.xls,01/09/2025
01/09/2025,SABESP      3082129325,9293,-197.1,,custo_2025_09.xls,01/09/2025
01/09/2025,IOF,,-62.25,,custo_2025_09.xls,01/09/2025
01/09/2025,TAR PACOTE ITAU   MAR/25,9293,-92.5,,custo_2025_09.xls,01/09/2025
01/09/2025,PAGTO SALARIO,1268,2738.03,,custo_2025_09.xls,01/09/2025
01/09/2025,DA  CLARO CELULAR  68279,9293,-57.29,,custo_2025_09.xls,01/09/2025
01/09/2025,PAG BOLETO  PAG TIT BANC,9327,-729.63,,custo_2025_09.xls,01/09/2025
01/09/2025,DEB AUTOR UNICEF,9293,-85.0,,custo_2025_09.xls,01/09/2025
01/09/2025,PAGTO ADIANT SALARIAL,1268,4280.44,,custo_2025_09.xls,01/09/2025
01/09/2025,DA  CLARO CELULAR  64592,9293,-160.24,,custo_2025_09.xls,01/09/2025
15/09/2025,INT ITAU VISA,4175,-800.0,,custo_2025_09.xls,01/09/2025
15/09/2025,DA  ELETROPAULO 11701161,9293,-115.98,,custo_2025_09.xls,01/09/2025
15/09/2025,DA  CLARO RESID 75680788,,-236.51,,custo_2025_09.xls,01/09/2025
15/09/2025,FINANC IMOBILIARIO   037,,-2756.06,,custo_2025_09.xls,01/09/2025
15/09/2025,DA  COMGAS 51448254,,-290.91,,custo_2025_09.xls,01/09/2025
15/09/2025,PIX TRANSF  REAL BR09/04,9014,-130.0,,custo_2025_09.xls,01/09/2025
15/09/2025,PIX QRS CEA PAY FUN16/04,9130,-205.05,,custo_2025_09.xls,01/09/2025
15/09/2025,SALDO DO DIA,,,4219.71,custo_2025_09.xls,01/09/2025
15/09/2025,PIX MICHELLE,1268,1000.0,,custo_2025_09.xls,01/09/2025
30/09/2025,SALDO DO DIA,,,5219.71,custo_2025_09.xls,01/09/2025
30/09/2025,SALDO ANTERIOR,,,5219.71,custo_2025_10.xls,01/10/2025
01/10/2025,SABESP      3082129325,9293,-197.1,7.0,custo_2025_10.xls,01/10/2025
01/10/2025,IOF,,-62.25,,custo_2025_10.xls,01/10/2025
01/10/2025,TAR PACOTE ITAU   MAR/25,9293,-92.5,,custo_2025_10.xls,01/10/2025
01/10/2025,PAGTO SALARIO,1268,2738.03,,custo_2025_10.xls,01/10/2025
01/10/2025,DA  CLARO CELULAR  68279,9293,-57.29,,custo_2025_10.xls,01/10/2025
01/10/2025,PAG BOLETO  PAG TIT BANC,9327,-729.63,,custo_2025_10.xls,01/10/2025
01/10/2025,DEB AUTOR UNICEF,9293,-85.0,,custo_2025_10.xls,01/10/2025
01/10/2025,PAGTO ADIANT SALARIAL,1268,4280.44,,custo_2025_10.xls,01/10/2025
15/10/2025,DA  CLARO CELULAR  64592,9293,-160.24,,custo_2025_10.xls,01/10/2025
15/10/2025,INT ITAU VISA,4175,-800.0,,custo_2025_10.xls,01/10/2025
15/10/2025,DA  ELETROPAULO 11701161,9293,-115.98,,custo_2025_10.xls,01/10/2025
15/10/2025,DA  CLARO RESID 75680788,,-236.51,,custo_2025_10.xls,01/10/2025
15/10/2025,FINANC IMOBILIARIO   037,,-2756.06,,custo_2025_10.xls,01/10/2025
15/10/2025,DA  COMGAS 51448254,,-290.91,,custo_2025_10.xls,01/10/2025
15/10/2025,SALDO DO DIA,,,6654.71,custo_2025_10.xls,01/10/2025
15/10/2025,PIX MICHELLE,1268,1000.0,,custo_2025_10.xls,01/10/2025
30/10/2025,SALDO DO DIA,,,7654.71,custo_2025_10.xls,01/10/2025
30/10/2025,SALDO ANTERIOR,,,7654.71,custo_2025_11.xls,01/11/2025
01/11/2025,SABESP      3082129325,9293,-197.1,,custo_2025_11.xls,01/11/2025
01/11/2025,IOF,,-62.25,,custo_2025_11.xls,01/11/2025
01/11/2025,TAR PACOTE ITAU   MAR/25,9293,-92.5,,custo_2025_11.xls,01/11/2025
01/11/2025,PAGTO SALARIO,1268,2738.03,,custo_2025_11.xls,01/11/2025
01/11/2025,DA  CLARO CELULAR  68279,9293,-57.29,,custo_2025_11.xls,01/11/2025
01/11/2025,PAG BOLETO  PAG TIT BANC,9327,-729.63,,custo_2025_11.xls,01/11/2025
01/11/2025,DEB AUTOR UNICEF,9293,-85.0,,custo_2025_11.xls,01/11/2025
15/11/2025,PAGTO ADIANT SALARIAL,1268,4280.44,,custo_2025_11.xls,01/11/2025
15/11/2025,DA  CLARO CELULAR  64592,9293,-160.24,,custo_2025_11.xls,01/11/2025
15/11/2025,INT ITAU VISA,4175,-800.0,,custo_2025_11.xls,01/11/2025
15/11/2025,DA  ELETROPAULO 11701161,9293,-115.98,,custo_2025_11.xls,01/11/2025
15/11/2025,DA  CLARO RESID 75680788,,-236.51,,custo_2025_11.xls,01/11/2025
15/11/2025,FINANC IMOBILIARIO   037,,-2756.06,,custo_2025_11.xls,01/11/2025
15/11/2025,DA  COMGAS 51448254,,-290.91,,custo_2025_11.xls,01/11/2025
15/11/2025,SALDO DO DIA,,,9089.71,custo_2025_11.xls,01/11/2025
15/11/2025,PIX MICHELLE,1268,1000.0,,custo_2025_11.xls,01/11/2025
30/11/2025,SALDO DO DIA,,,10089.71,custo_2025_11.xls,01/11/2025
30/11/2025,SALDO ANTERIOR,,,10089.71,custo_2025_12.xls,01/12/2025
01/12/2025,SABESP      3082129325,9293,-197.1,,custo_2025_12.xls,01/12/2025
01/12/2025,IOF,,-62.25,,custo_2025_12.xls,01/12/2025
01/12/2025,TAR PACOTE ITAU   MAR/25,9293,-92.5,,custo_2025_12.xls,01/12/2025
01/12/2025,PAGTO SALARIO,1268,2738.03,,custo_2025_12.xls,01/12/2025
01/12/2025,DA  CLARO CELULAR  68279,9293,-57.29,,custo_2025_12.xls,01/12/2025
01/12/2025,PAG BOLETO  PAG TIT BANC,9327,-729.63,,custo_2025_12.xls,01/12/2025
01/12/2025,DEB AUTOR UNICEF,9293,-85.0,,custo_2025_12.xls,01/12/2025
15/12/2025,PAGTO ADIANT SALARIAL,1268,4280.44,,custo_2025_12.xls,01/12/2025
15/12/2025,PAGTO 13. SALARIO,1268,3007.53,,custo_2025_12.xls,01/12/2025
15/12/2025,PAGTO FERIAS,1268,2185.19,,custo_2025_12.xls,01/12/2025
15/12/2025,DA  CLARO CELULAR  64592,9293,-160.24,,custo_2025_12.xls,01/12/2025
15/12/2025,INT ITAU VISA,4175,-800.0,,custo_2025_12.xls,01/12/2025
15/12/2025,DA  ELETROPAULO 11701161,9293,-115.98,,custo_2025_12.xls,01/12/2025
15/12/2025,DA  CLARO RESID 75680788,,-236.51,,custo_2025_12.xls,01/12/2025
15/12/2025,FINANC IMOBILIARIO   037,,-2756.06,,custo_2025_12.xls,01/12/2025
15/12/2025,DA  COMGAS 51448254,,-290.91,,custo_2025_12.xls,01/12/2025
15/12/2025,SALDO DO DIA,,,16717.43,custo_2025_12.xls,01/12/2025
15/12/2025,PIX MICHELLE,1268,1000.0,,custo_2025_12.xls,01/12/2025
30/12/2025,SALDO DO DIA,,,17717.43,custo_2025_12.xls,01/12/2025
