dt_custo,descricao,valor_custo,valor_receb,valor_saldo,data_base
2024-12-31,SALDO ANTERIOR,,,-4631.68,2025-01-01
2025-01-02,ELECTRONAP CONFIANC,-44.47,-44.47,,2025-01-01
2025-01-02,PIX QRS Uber01/01,-23.9,-23.9,,2025-01-01
2025-01-02,DEV PIX Uber01/01,23.9,23.9,,2025-01-01
2025-01-02,SABESP      3082129325,-227.21,-227.21,,2025-01-01
2025-01-02,SALDO DO DIA,,,-4903.36,2025-01-01
2025-01-03,IOF,-40.46,-40.46,,2025-01-01
2025-01-03,ELECTRONDanielGoisB,-6.0,-6.0,,2025-01-01
2025-01-03,ELECTRONErotidesLim,-8.0,-8.0,,2025-01-01
2025-01-03,ELECTRONErotidesLim,-15.0,-15.0,,2025-01-01
2025-01-03,ELECTRONPCA N MUNDO,-16.57,-16.57,,2025-01-01
2025-01-03,ELECTRONSUPERMERCAD,-107.41,-107.41,,2025-01-01
2025-01-03,ELECTRONURBIA GESTA,-42.0,-42.0,,2025-01-01
2025-01-03,ELECTRONVENTURINI C,-45.0,-45.0,,2025-01-01
2025-01-03,PAGTO SALARIO,2823.75,2823.75,,2025-01-01
2025-01-03,PIX TRANSF  Caua We03/01,10.0,10.0,,2025-01-01
2025-01-03,TAR PACOTE ITAU   DEZ/24,-92.5,-92.5,,2025-01-01
2025-01-03,SALDO DO DIA,,,-2442.55,2025-01-01
2025-01-06,ELECTRONBURGER KING,-15.9,-15.9,,2025-01-01
2025-01-06,ELECTRONFLAMENGO AC,-20.0,-20.0,,2025-01-01
2025-01-06,ELECTRONFRIGOMUNDO,-14.16,-14.16,,2025-01-01
2025-01-06,ELECTRONPADARIA DEL,-39.99,-39.99,,2025-01-01
2025-01-06,ELECTRONPADARIA DEL,-12.7,-12.7,,2025-01-01
2025-01-06,ELECTRONRS AVILA,-61.48,-61.48,,2025-01-01
2025-01-06,ELECTRONSyscashtyck,-8.0,-8.0,,2025-01-01
2025-01-06,ELECTRONSyscashtyck,-20.0,-20.0,,2025-01-01
2025-01-06,ELECTRONSyscashtyck,-31.0,-31.0,,2025-01-01
2025-01-06,PIX QRS Uber04/01,-21.91,-21.91,,2025-01-01
2025-01-06,PIX TRANSF  ANDRE N06/01,-100.0,-100.0,,2025-01-01
2025-01-06,PIX TRANSF  MICHELL06/01,500.0,500.0,,2025-01-01
2025-01-06,JUROS LIMITE DA CONTA,-251.53,-251.53,,2025-01-01
2025-01-06,DA  CLARO MOVEL 46827990,-57.29,-57.29,,2025-01-01
2025-01-06,SALDO DO DIA,,,-2596.51,2025-01-01
2025-01-07,ELECTRONSyscashtyck,-20.0,-20.0,,2025-01-01
2025-01-07,ELECTRONSyscashtyck,-30.0,-30.0,,2025-01-01
2025-01-07,PIX QRS Uber07/01,-18.91,-18.91,,2025-01-01
2025-01-07,PIX QRS Uber07/01,-19.92,-19.92,,2025-01-01
2025-01-07,PIX QRS Uber07/01,-18.96,-18.96,,2025-01-01
2025-01-07,DEV PIX Uber07/01,18.96,18.96,,2025-01-01
2025-01-07,SALDO DO DIA,,,-2685.34,2025-01-01
2025-01-08,ELECTRONMINI EXTRA-,-7.28,-7.28,,2025-01-01
2025-01-08,ELECTRONRS AVILA,-98.9,-98.9,,2025-01-01
2025-01-08,ELECTRONRS AVILA,-63.74,-63.74,,2025-01-01
2025-01-08,MOBILEPAG TIT BANCO 237,-729.63,-729.63,,2025-01-01
2025-01-08,PIX TRANSF  REAL BR08/01,-130.0,-130.0,,2025-01-01
2025-01-08,PIX TRANSF  JONY AL08/01,50.0,50.0,,2025-01-01
2025-01-08,PIX TRANSF  MAURINI08/01,50.0,50.0,,2025-01-01
2025-01-08,SALDO DO DIA,,,-3614.89,2025-01-01
2025-01-09,ELECTRONRS AVILA,-71.49,-71.49,,2025-01-01
2025-01-09,PIX TRANSF  Joao Br09/01,50.0,50.0,,2025-01-01
2025-01-09,PIX TRANSF  JOHANIS09/01,50.0,50.0,,2025-01-01
2025-01-09,SALDO DO DIA,,,-3586.38,2025-01-01
2025-01-10,ELECTRONImperioAcai,-42.0,-42.0,,2025-01-01
2025-01-10,ELECTRONRaizesMater,-24.0,-24.0,,2025-01-01
2025-01-10,ELECTRONREAL BRASIL,-18.0,-18.0,,2025-01-01
2025-01-10,ELECTRONSyscashtyck,-15.0,-15.0,,2025-01-01
2025-01-10,ELECTRONSyscashtyck,-12.0,-12.0,,2025-01-01
2025-01-10,ELECTRONSyscashtyck,-32.0,-32.0,,2025-01-01
2025-01-10,PIX QRS Uber10/01,-19.9,-19.9,,2025-01-01
2025-01-10,PIX QRS Uber10/01,-19.97,-19.97,,2025-01-01
2025-01-10,PIX TRANSF  Joao Pe10/01,15.0,15.0,,2025-01-01
2025-01-10,PIX TRANSF  JOHANIS10/01,15.0,15.0,,2025-01-01
2025-01-10,PIX TRANSF  MARCOS 10/01,15.0,15.0,,2025-01-01
2025-01-10,SEGURO CARTAO,-8.18,-8.18,,2025-01-01
2025-01-10,SALDO DO DIA,,,-3732.43,2025-01-01
2025-01-13,ELECTRONANTONIO CHI,-12.0,-12.0,,2025-01-01
2025-01-13,ELECTRONDULCE,-24.0,-24.0,,2025-01-01
2025-01-13,ELECTRONFWD BOULEVA,-47.73,-47.73,,2025-01-01
2025-01-13,ELECTRONHNA*OBOTICA,-129.9,-129.9,,2025-01-01
2025-01-13,ELECTRONLUIZ ANTONI,-50.0,-50.0,,2025-01-01
2025-01-13,ELECTRONMAIK GUSHI,-20.0,-20.0,,2025-01-01
2025-01-13,ELECTRONMP*GILMAR15,-5.0,-5.0,,2025-01-01
2025-01-13,ELECTRONOrielPereir,-60.0,-60.0,,2025-01-01
2025-01-13,ELECTRONPkf,-35.0,-35.0,,2025-01-01
2025-01-13,ELECTRONPG *TON CAS,-15.0,-15.0,,2025-01-01
2025-01-13,ELECTRONPG *TON FEI,-16.0,-16.0,,2025-01-01
2025-01-13,ELECTRONPONTO DA ES,-84.0,-84.0,,2025-01-01
2025-01-13,ELECTRONPRICILA ELA,-15.0,-15.0,,2025-01-01
2025-01-13,ELECTRONRobinson,-30.0,-30.0,,2025-01-01
2025-01-13,ELECTRONRobsonHonor,-27.0,-27.0,,2025-01-01
2025-01-13,ELECTRONRosileneDaS,-10.0,-10.0,,2025-01-01
2025-01-13,ELECTRONSyscashtyck,-16.0,-16.0,,2025-01-01
2025-01-13,ELECTRONSP SAO PAUL,-13.9,-13.9,,2025-01-01
2025-01-13,ELECTRONTATUAPE 2 P,-9.9,-9.9,,2025-01-01
2025-01-13,PIX QRS Jose August13/01,-4.0,-4.0,,2025-01-01
2025-01-13,PIX QRS Uber13/01,-15.91,-15.91,,2025-01-01
2025-01-13,PIX QRS Uber13/01,-18.91,-18.91,,2025-01-01
2025-01-13,PIX QRS Uber13/01,-15.98,-15.98,,2025-01-01
2025-01-13,DEV PIX Uber13/01,15.91,15.91,,2025-01-01
2025-01-13,PIX TRANSF  MARCELO13/01,50.0,50.0,,2025-01-01
2025-01-13,PIX TRANSF  MICHELL11/01,40.0,40.0,,2025-01-01
2025-01-13,DEB AUTOR UNICEF,-85.0,-85.0,,2025-01-01
2025-01-13,SALDO DO DIA,,,-4386.75,2025-01-01
2025-01-14,ELECTRONBB TRANSPOR,-20.0,-20.0,,2025-01-01
2025-01-14,ELECTRONMETRO SAO P,-10.0,-10.0,,2025-01-01
2025-01-14,ELECTRONReginaldoca,-8.0,-8.0,,2025-01-01
2025-01-14,ELECTRONRC CONFEITA,-20.0,-20.0,,2025-01-01
2025-01-14,ELECTRONRESTAURANTE,-37.0,-37.0,,2025-01-01
2025-01-14,PIX TRANSF  THIAGO 14/01,50.0,50.0,,2025-01-01
2025-01-14,SALDO DO DIA,,,-4431.75,2025-01-01
2025-01-15,ELECTRONRS AVILA,-94.12,-94.12,,2025-01-01
2025-01-15,PAGTO ADIANT SALARIAL,3567.04,3567.04,,2025-01-01
2025-01-15,PIX TRANSF  JULIANO15/01,50.0,50.0,,2025-01-01
2025-01-15,DA  CLARO MOVEL 66459258,-149.9,-149.9,,2025-01-01
2025-01-15,SALDO DO DIA,,,-1058.73,2025-01-01
2025-01-16,ELECTRONPadariaChar,-60.0,-60.0,,2025-01-01
2025-01-16,ELECTRONQUITANDA E,-21.9,-21.9,,2025-01-01
2025-01-16,PIX QRS CEA PAY FUN16/01,-205.07,-205.07,,2025-01-01
2025-01-16,INT ITAU VISA,-664.41,-664.41,,2025-01-01
2025-01-16,PIX TRANSF  Anselmo16/01,50.0,50.0,,2025-01-01
2025-01-16,SALDO DO DIA,,,-1960.11,2025-01-01
2025-01-17,SAQUE BANCO24H517982762,-50.0,-50.0,,2025-01-01
2025-01-17,ELECTRONLA ITALIA,-12.0,-12.0,,2025-01-01
2025-01-17,ELECTRONRS AVILA,-82.16,-82.16,,2025-01-01
2025-01-17,ELECTRON48 882 424,-100.0,-100.0,,2025-01-01
2025-01-17,PIX QRS 52 052 824 17/01,-84.8,-84.8,,2025-01-01
2025-01-17,PIX TRANSF  REAL BR17/01,-800.0,-800.0,,2025-01-01
2025-01-17,PIX TRANSF  CLAUDIO17/01,30.0,30.0,,2025-01-01
2025-01-17,PIX TRANSF  COSME J17/01,50.0,50.0,,2025-01-01
2025-01-17,PIX TRANSF  Iego Ke17/01,50.0,50.0,,2025-01-01
2025-01-17,PIX TRANSF  IGOR MO17/01,50.0,50.0,,2025-01-01
2025-01-17,DA  ELETROPAULO 11701161,-111.76,-111.76,,2025-01-01
2025-01-17,SALDO DO DIA,,,-3020.83,2025-01-01
2025-01-20,ELECTRONBarracaDoCu,-5.0,-5.0,,2025-01-01
2025-01-20,ELECTRONBANANAS ANA,-10.0,-10.0,,2025-01-01
2025-01-20,ELECTRONCarlosDiyod,-13.0,-13.0,,2025-01-01
2025-01-20,ELECTRONDROGARIA SA,-49.99,-49.99,,2025-01-01
2025-01-20,ELECTRONImperioAcai,-14.0,-14.0,,2025-01-01
2025-01-20,ELECTRONMP*ORIEL,-60.0,-60.0,,2025-01-01
2025-01-20,ELECTRONNiwsonYoshi,-30.0,-30.0,,2025-01-01
2025-01-20,ELECTRONPG *TON CAS,-23.0,-23.0,,2025-01-01
2025-01-20,ELECTRONPG *TON FEI,-16.0,-16.0,,2025-01-01
2025-01-20,ELECTRONRobinson,-30.0,-30.0,,2025-01-01
2025-01-20,ELECTRONRobsonHonor,-27.0,-27.0,,2025-01-01
2025-01-20,ELECTRONRosileneDaS,-10.0,-10.0,,2025-01-01
2025-01-20,ELECTRONTHIEMI COME,-17.5,-17.5,,2025-01-01
2025-01-20,PIX QRS Uber19/01,-16.94,-16.94,,2025-01-01
2025-01-20,PIX TRANSF  ANDRE N18/01,-50.0,-50.0,,2025-01-01
2025-01-20,PIX TRANSF  IMW 3 R20/01,-100.0,-100.0,,2025-01-01
2025-01-20,PIX TRANSF  Real Br20/01,-25.0,-25.0,,2025-01-01
2025-01-20,PIX TRANSF  SEBASTI20/01,-50.0,-50.0,,2025-01-01
2025-01-20,DA  NET SERVICOS 5680788,-235.82,-235.82,,2025-01-01
2025-01-20,SALDO DO DIA,,,-3804.08,2025-01-01
2025-01-21,ELECTRONPadariaChar,-38.1,-38.1,,2025-01-01
2025-01-21,SALDO DO DIA,,,-3842.18,2025-01-01
2025-01-22,ELECTRONREAL BRASIL,-8.0,-8.0,,2025-01-01
2025-01-22,ELECTRONREAL BRASIL,-8.0,-8.0,,2025-01-01
2025-01-22,ELECTRONRS AVILA,-71.31,-71.31,,2025-01-01
2025-01-22,PIX QRS SAFE2PAY22/01,-180.0,-180.0,,2025-01-01
2025-01-22,SALDO DO DIA,,,-4109.49,2025-01-01
2025-01-23,FINANC IMOBILIARIO   034,-2763.15,-2763.15,,2025-01-01
2025-01-23,ELECTRONRESTAURANTE,-34.0,-34.0,,2025-01-01
2025-01-23,ELECTRONSUPER BIG1,-97.7,-97.7,,2025-01-01
2025-01-23,DA  COMGAS 51448254,-302.81,-302.81,,2025-01-01
2025-01-23,SALDO DO DIA,,,-7307.15,2025-01-01
2025-01-24,ELECTRONDROGARIA SA,-37.8,-37.8,,2025-01-01
2025-01-24,ELECTRONRS AVILA,-41.46,-41.46,,2025-01-01
2025-01-24,PIX TRANSF  erlonds24/01,-40.0,-40.0,,2025-01-01
2025-01-24,SALDO DO DIA,,,-7426.41,2025-01-01
2025-01-27,ELECTRONREAL BRASIL,-1.6,-1.6,,2025-01-01
2025-01-27,PIX TRANSF  ANDRE N27/01,-100.0,-100.0,,2025-01-01
2025-01-27,PIX TRANSF  RAFAEL 26/01,-57.0,-57.0,,2025-01-01
2025-01-27,SALDO DO DIA,,,-7585.01,2025-01-01
2025-01-30,ELECTRONBB TRANSPOR,-20.0,-20.0,,2025-01-01
2025-01-30,ELECTRONJosismarMor,-21.0,-21.0,,2025-01-01
2025-01-30,ELECTRONJK MINI MER,-9.5,-9.5,,2025-01-01
2025-01-30,ELECTRONRESTAURANTE,-32.0,-32.0,,2025-01-01
2025-01-30,SALDO DO DIA,,,-7667.51,2025-01-01
2025-01-31,ELECTRONAdministrad,-29.0,-29.0,,2025-01-01
2025-01-31,ELECTRONALESSANDRA,-31.0,-31.0,,2025-01-01
2025-01-31,ELECTRONESBELA FORN,-50.0,-50.0,,2025-01-01
2025-01-31,ELECTRONMETRO SAO P,-30.0,-30.0,,2025-01-01
2025-01-31,ELECTRONMETRO SAO P,-20.0,-20.0,,2025-01-01
2025-01-31,ELECTRON35583925Ped,-28.5,-28.5,,2025-01-01
2025-01-31,SALDO DO DIA,,,-7856.01,2025-01-01
2025-01-31,SALDO ANTERIOR,,,-7856.01,2025-02-01
2025-02-03,ELECTRONImw3RVilaNi,-10.0,-10.0,,2025-02-01
2025-02-03,ELECTRONNM PIZZARIA,-47.9,-47.9,,2025-02-01
2025-02-03,ELECTRONREAL BRASIL,-3.0,-3.0,,2025-02-01
2025-02-03,ELECTRONRESTAURANTE,-39.9,-39.9,,2025-02-01
2025-02-03,ELECTRONRESTAURANTE,-110.6,-110.6,,2025-02-01
2025-02-03,ELECTRONRS AVILA,-68.28,-68.28,,2025-02-01
2025-02-03,ELECTRON35583925Ped,-5.0,-5.0,,2025-02-01
2025-02-03,PIX QRS LEANDRO DE 01/02,-10.0,-10.0,,2025-02-01
2025-02-03,PIX QRS Zoop Tecnol03/02,-20.0,-20.0,,2025-02-01
2025-02-03,PIX TRANSF  IMW 3 R02/02,-20.0,-20.0,,2025-02-01
2025-02-03,TED 104.0000CAIXA ECON F,789.47,789.47,,2025-02-01
2025-02-03,SABESP      3082129325,-227.21,-227.21,,2025-02-01
2025-02-03,SALDO DO DIA,,,-7628.43,2025-02-01
2025-02-04,IOF,-46.08,-46.08,,2025-02-01
2025-02-04,PIX TRANSF  Rafael 04/02,-50.0,-50.0,,2025-02-01
2025-02-04,TAR PACOTE ITAU   JAN/25,-92.5,-92.5,,2025-02-01
2025-02-04,SALDO DO DIA,,,-7817.01,2025-02-01
2025-02-05,ELECTRONOGGI SORVET,-61.96,-61.96,,2025-02-01
2025-02-05,ELECTRONRS AVILA,-45.07,-45.07,,2025-02-01
2025-02-05,PAGTO SALARIO,2528.83,2528.83,,2025-02-01
2025-02-05,JUROS LIMITE DA CONTA,-404.57,-404.57,,2025-02-01
2025-02-05,DA  CLARO MOVEL 46827990,-57.29,-57.29,,2025-02-01
2025-02-05,SALDO DO DIA,,,-5857.07,2025-02-01
2025-02-06,ELECTRONLUIZ ANTONI,-20.0,-20.0,,2025-02-01
2025-02-06,ELECTRONSUPER MERCA,-112.43,-112.43,,2025-02-01
2025-02-06,ELECTRONWALQUIRIA C,-79.9,-79.9,,2025-02-01
2025-02-06,SALDO DO DIA,,,-6069.4,2025-02-01
2025-02-07,ELECTRONLUIZ ANTONI,-23.0,-23.0,,2025-02-01
2025-02-07,ELECTRONSALAOAMIGOS,-40.0,-40.0,,2025-02-01
2025-02-07,MOBILEPAG TIT BANCO 237,-779.63,-779.63,,2025-02-01
2025-02-07,PIX TRANSF  REAL BR07/02,-130.0,-130.0,,2025-02-01
2025-02-07,PIX TRANSF  Kaua Sa07/02,50.0,50.0,,2025-02-01
2025-02-07,SALDO DO DIA,,,-6992.03,2025-02-01
2025-02-10,ELECTRONATACADAO 06,-246.42,-246.42,,2025-02-01
2025-02-10,ELECTRONFDI FERNAO,-36.9,-36.9,,2025-02-01
2025-02-10,ELECTRONTEMPLU DO H,-255.0,-255.0,,2025-02-01
2025-02-10,PIX TRANSF  Andrea 08/02,50.0,50.0,,2025-02-01
2025-02-10,PIX TRANSF  Joao Br10/02,50.0,50.0,,2025-02-01
2025-02-10,PIX TRANSF  JOHANIS10/02,50.0,50.0,,2025-02-01
2025-02-10,PIX TRANSF  JONY AL10/02,50.0,50.0,,2025-02-01
2025-02-10,PIX TRANSF  LUCIANO10/02,50.0,50.0,,2025-02-01
2025-02-10,PIX TRANSF  LUCIANO10/02,30.0,30.0,,2025-02-01
2025-02-10,PIX TRANSF  MAURINI10/02,50.0,50.0,,2025-02-01
2025-02-10,SEGURO CARTAO,-8.18,-8.18,,2025-02-01
2025-02-10,SALDO DO DIA,,,-7208.53,2025-02-01
2025-02-11,ELECTRONMETRO SAO P,-10.0,-10.0,,2025-02-01
2025-02-11,ELECTRONMETRO SAO P,-30.0,-30.0,,2025-02-01
2025-02-11,ELECTRONRESTAURANTE,-32.0,-32.0,,2025-02-01
2025-02-11,SALDO DO DIA,,,-7280.53,2025-02-01
2025-02-12,PIX QRS Uber12/02,-10.97,-10.97,,2025-02-01
2025-02-12,DEB AUTOR UNICEF,-85.0,-85.0,,2025-02-01
2025-02-12,SALDO DO DIA,,,-7376.5,2025-02-01
2025-02-13,ELECTRONCARREFOUR X,-44.29,-44.29,,2025-02-01
2025-02-13,ELECTRONGRUPO MSC,-42.0,-42.0,,2025-02-01
2025-02-13,ELECTRONQUITANDA E,-8.9,-8.9,,2025-02-01
2025-02-13,ELECTRONQUITANDA E,-6.95,-6.95,,2025-02-01
2025-02-13,SALDO DO DIA,,,-7478.64,2025-02-01
2025-02-14,ELECTRONREAL BRASIL,-29.0,-29.0,,2025-02-01
2025-02-14,PAGTO ADIANT SALARIAL,4280.44,4280.44,,2025-02-01
2025-02-14,PIX TRANSF  Fabio G14/02,50.0,50.0,,2025-02-01
2025-02-14,PIX TRANSF  JULIANO14/02,70.0,70.0,,2025-02-01
2025-02-14,PIX TRANSF  LUCIANO14/02,50.0,50.0,,2025-02-01
2025-02-14,PIX TRANSF  MARCELO14/02,50.0,50.0,,2025-02-01
2025-02-14,PIX TRANSF  SMART A14/02,50.0,50.0,,2025-02-01
2025-02-14,PIX TRANSF  THIAGO 14/02,50.0,50.0,,2025-02-01
2025-02-14,SALDO DO DIA,,,-2907.2,2025-02-01
2025-02-17,ELECTRONBANANAS ANA,-20.0,-20.0,,2025-02-01
2025-02-17,ELECTRONCarlosDiyod,-12.0,-12.0,,2025-02-01
2025-02-17,ELECTRONCASSIO ANDR,-8.0,-8.0,,2025-02-01
2025-02-17,ELECTRONFEIRANTES,-20.0,-20.0,,2025-02-01
2025-02-17,ELECTRONMINI EXTRA-,-19.99,-19.99,,2025-02-01
2025-02-17,ELECTRONMP*GILMAR15,-5.0,-5.0,,2025-02-01
2025-02-17,ELECTRONMP*ORIEL,-50.0,-50.0,,2025-02-01
2025-02-17,ELECTRONOrielPereir,-22.0,-22.0,,2025-02-01
2025-02-17,ELECTRONPanetteriaN,-27.0,-27.0,,2025-02-01
2025-02-17,ELECTRONPADARIA DEL,-43.99,-43.99,,2025-02-01
2025-02-17,ELECTRONRobinson,-30.0,-30.0,,2025-02-01
2025-02-17,ELECTRONRosileneDaS,-10.0,-10.0,,2025-02-01
2025-02-17,ELECTRONRS AVILA,-33.79,-33.79,,2025-02-01
2025-02-17,ELECTRONThiemiComer,-49.0,-49.0,,2025-02-01
2025-02-17,PIX QRS CEA PAY FUN16/02,-211.32,-211.32,,2025-02-01
2025-02-17,PIX QRS Uber16/02,-16.96,-16.96,,2025-02-01
2025-02-17,PIX QRS Uber16/02,-17.97,-17.97,,2025-02-01
2025-02-17,PIX QRS Uber17/02,-26.92,-26.92,,2025-02-01
2025-02-17,PIX QRS Uber17/02,-10.97,-10.97,,2025-02-01
2025-02-17,PIX TRANSF  EDSON P15/02,-30.0,-30.0,,2025-02-01
2025-02-17,PIX TRANSF  IMW 3 R16/02,-100.0,-100.0,,2025-02-01
2025-02-17,PIX TRANSF  REAL BR17/02,-800.0,-800.0,,2025-02-01
2025-02-17,INT ITAU VISA,-1107.34,-1107.34,,2025-02-01
2025-02-17,PIX TRANSF  MICHELL15/02,120.0,120.0,,2025-02-01
2025-02-17,PIX TRANSF  RAFAEL 17/02,50.0,50.0,,2025-02-01
2025-02-17,DA  CLARO MOVEL 66459258,-149.9,-149.9,,2025-02-01
2025-02-17,SALDO DO DIA,,,-5559.35,2025-02-01
2025-02-18,ELECTRONARIZONA PAE,-45.75,-45.75,,2025-02-01
2025-02-18,ELECTRONDROGARIA SA,-110.56,-110.56,,2025-02-01
2025-02-18,SALDO DO DIA,,,-5715.66,2025-02-01
2025-02-19,ELECTRONOGGI SORVET,-38.49,-38.49,,2025-02-01
2025-02-19,ELECTRONRS AVILA,-59.34,-59.34,,2025-02-01
2025-02-19,PIX TRANSF  ANDRE N19/02,-30.0,-30.0,,2025-02-01
2025-02-19,SALDO DO DIA,,,-5843.49,2025-02-01
2025-02-20,ELECTRONRS AVILA,-33.37,-33.37,,2025-02-01
2025-02-20,DA  ELETROPAULO 11701161,-97.58,-97.58,,2025-02-01
2025-02-20,DA  NET SERVICOS 5680788,-236.39,-236.39,,2025-02-01
2025-02-20,SALDO DO DIA,,,-6210.83,2025-02-01
2025-02-21,ELECTRONBB TRANSPOR,-20.0,-20.0,,2025-02-01
2025-02-21,ELECTRONREAL BRASIL,-18.0,-18.0,,2025-02-01
2025-02-21,ELECTRONRESTAURANTE,-32.0,-32.0,,2025-02-01
2025-02-21,ELECTRONRS AVILA,-60.26,-60.26,,2025-02-01
2025-02-21,SALDO DO DIA,,,-6341.09,2025-02-01
2025-02-24,FINANC IMOBILIARIO   035,-2761.45,-2761.45,,2025-02-01
2025-02-24,ELECTRONGALPAO GAUC,-8.72,-8.72,,2025-02-01
2025-02-24,ELECTRONPONTO DA ES,-51.0,-51.0,,2025-02-01
2025-02-24,ELECTRONRS AVILA,-30.58,-30.58,,2025-02-01
2025-02-24,ELECTRONSUPER MERCA,-60.87,-60.87,,2025-02-01
2025-02-24,ELECTRONTRM - TRIMA,-16.9,-16.9,,2025-02-01
2025-02-24,PIX TRANSF  Ademar 23/02,-20.0,-20.0,,2025-02-01
2025-02-24,PIX TRANSF  ANDRE N22/02,-50.0,-50.0,,2025-02-01
2025-02-24,PIX TRANSF  ELIZABE22/02,-1000.0,-1000.0,,2025-02-01
2025-02-24,DA  COMGAS 51448254,-200.73,-200.73,,2025-02-01
2025-02-24,SALDO DO DIA,,,-10541.34,2025-02-01
2025-02-25,ELECTRONBB TRANSPOR,-20.0,-20.0,,2025-02-01
2025-02-25,ELECTRONRESTAURANTE,-32.0,-32.0,,2025-02-01
2025-02-25,SALDO DO DIA,,,-10593.34,2025-02-01
2025-02-26,PIX TRANSF  ANDRE N26/02,-50.0,-50.0,,2025-02-01
2025-02-26,PIX TRANSF  Joao Br26/02,1.0,1.0,,2025-02-01
2025-02-26,SALDO DO DIA,,,-10642.34,2025-02-01
2025-02-27,ELECTRONRESTAURANTE,-32.0,-32.0,,2025-02-01
2025-02-27,SALDO DO DIA,,,-10674.34,2025-02-01
2025-02-28,PIX TRANSF  LUCIANO28/02,50.0,50.0,,2025-02-01
2025-02-28,PIX TRANSF  MICHELL28/02,600.0,600.0,,2025-02-01
2025-02-28,SALDO DO DIA,,,-10024.34,2025-02-01
2025-02-28,SALDO ANTERIOR,,,-10024.34,2025-03-01
2025-03-05,ELECTRONROTISSERIE,-95.0,-95.0,,2025-03-01
2025-03-05,PIX TRANSF  ERLONDS05/03,-40.0,-40.0,,2025-03-01
2025-03-05,PAGTO SALARIO,2738.03,2738.03,,2025-03-01
2025-03-05,JUROS LIMITE DA CONTA,-592.41,-592.41,,2025-03-01
2025-03-05,SABESP      3082129325,-197.1,-197.1,,2025-03-01
2025-03-05,DA  CLARO MOVEL 46827990,-57.29,-57.29,,2025-03-01
2025-03-05,SALDO DO DIA,,,-8268.11,2025-03-01
2025-03-06,IOF,-52.52,-52.52,,2025-03-01
2025-03-06,MOBILEPAG TIT BANCO 237,-729.63,-729.63,,2025-03-01
2025-03-06,PIX TRANSF  REAL BR06/03,-130.0,-130.0,,2025-03-01
2025-03-06,PIX TRANSF  CAIXA E06/03,924.5,924.5,,2025-03-01
2025-03-06,PIX TRANSF  Fabio G06/03,100.0,100.0,,2025-03-01
2025-03-06,PIX TRANSF  Kaua Sa06/03,50.0,50.0,,2025-03-01
2025-03-06,TAR PACOTE ITAU   FEV/25,-92.5,-92.5,,2025-03-01
2025-03-06,SALDO DO DIA,,,-8198.26,2025-03-01
2025-03-07,ELECTRONBB TRANSPOR,-10.0,-10.0,,2025-03-01
2025-03-07,ELECTRONPERTO SA,-50.0,-50.0,,2025-03-01
2025-03-07,ELECTRONRESTAURANTE,-32.0,-32.0,,2025-03-01
2025-03-07,PIX TRANSF  Fabio G07/03,-50.0,-50.0,,2025-03-01
2025-03-07,PIX TRANSF  MAURINI07/03,50.0,50.0,,2025-03-01
2025-03-07,SALDO DO DIA,,,-8290.26,2025-03-01
2025-03-10,ELECTRONAdrianamarq,-10.0,-10.0,,2025-03-01
2025-03-10,ELECTRONANTONIO CHI,-48.0,-48.0,,2025-03-01
2025-03-10,ELECTRONBarracaDoLu,-10.0,-10.0,,2025-03-01
2025-03-10,ELECTRONCarlosDiyod,-10.0,-10.0,,2025-03-01
2025-03-10,ELECTRONCALDOS MANA,-22.0,-22.0,,2025-03-01
2025-03-10,ELECTRONCASSIO ANDR,-28.0,-28.0,,2025-03-01
2025-03-10,ELECTRONDIEGO PEREI,-20.0,-20.0,,2025-03-01
2025-03-10,ELECTRONFEIRANTES,-8.0,-8.0,,2025-03-01
2025-03-10,ELECTRONMAURO CHAPO,-54.98,-54.98,,2025-03-01
2025-03-10,ELECTRONMP*GILMAR15,-5.0,-5.0,,2025-03-01
2025-03-10,ELECTRONMP*MANOEL,-10.0,-10.0,,2025-03-01
2025-03-10,ELECTRONMP*MIZINHA,-25.0,-25.0,,2025-03-01
2025-03-10,ELECTRONOrielPereir,-43.0,-43.0,,2025-03-01
2025-03-10,ELECTRONPRICILA ELA,-15.0,-15.0,,2025-03-01
2025-03-10,ELECTRONRobinson,-30.0,-30.0,,2025-03-01
2025-03-10,ELECTRONRosileneDaS,-13.0,-13.0,,2025-03-01
2025-03-10,ELECTRONREAL BRASIL,-12.8,-12.8,,2025-03-01
2025-03-10,ELECTRONThiemiComer,-37.0,-37.0,,2025-03-01
2025-03-10,PIX TRANSF  IMW 3 R09/03,-100.0,-100.0,,2025-03-01
2025-03-10,PIX TRANSF  Real Br10/03,-140.0,-140.0,,2025-03-01
2025-03-10,SEGURO CARTAO,-8.18,-8.18,,2025-03-01
2025-03-10,SALDO DO DIA,,,-8940.22,2025-03-01
2025-03-11,ELECTRONRESTAURANTE,-32.0,-32.0,,2025-03-01
2025-03-11,PIX QRS BB TRANSPOR11/03,-20.2,-20.2,,2025-03-01
2025-03-11,PIX TRANSF  JOAO BR11/03,50.0,50.0,,2025-03-01
2025-03-11,PIX TRANSF  JOHANIS11/03,50.0,50.0,,2025-03-01
2025-03-11,PIX TRANSF  JONY AL11/03,50.0,50.0,,2025-03-01
2025-03-11,SALDO DO DIA,,,-8842.42,2025-03-01
2025-03-12,PIX TRANSF  ANDRE N12/03,-50.0,-50.0,,2025-03-01
2025-03-12,PIX TRANSF  JULIANO12/03,50.0,50.0,,2025-03-01
2025-03-12,PIX TRANSF  MARCELO12/03,50.0,50.0,,2025-03-01
2025-03-12,DEB AUTOR UNICEF,-85.0,-85.0,,2025-03-01
2025-03-12,SALDO DO DIA,,,-8877.42,2025-03-01
2025-03-13,ELECTRONBAR NOVO RE,-11.5,-11.5,,2025-03-01
2025-03-13,ELECTRONDROGARIA SA,-149.11,-149.11,,2025-03-01
2025-03-13,ELECTRONFRIGOMUNDO,-29.69,-29.69,,2025-03-01
2025-03-13,ELECTRONMINI EXTRA-,-20.57,-20.57,,2025-03-01
2025-03-13,ELECTRONRS AVILA,-47.24,-47.24,,2025-03-01
2025-03-13,SALDO DO DIA,,,-9135.53,2025-03-01
2025-03-14,ELECTRONREAL BRASIL,-16.0,-16.0,,2025-03-01
2025-03-14,ELECTRONRS AVILA,-67.19,-67.19,,2025-03-01
2025-03-14,PAGTO ADIANT SALARIAL,4280.44,4280.44,,2025-03-01
2025-03-14,SALDO DO DIA,,,-4938.28,2025-03-01
2025-03-17,ELECTRONCF RESTAURA,-108.32,-108.32,,2025-03-01
2025-03-17,ELECTRONMariaDeFati,-22.0,-22.0,,2025-03-01
2025-03-17,PIX QRS CEA PAY FUN15/03,-205.05,-205.05,,2025-03-01
2025-03-17,PIX QRS Uber16/03,-29.93,-29.93,,2025-03-01
2025-03-17,INT ITAU VISA,-1841.76,-1841.76,,2025-03-01
2025-03-17,DA  CLARO CELULAR  64592,-160.24,-160.24,,2025-03-01
2025-03-17,SALDO DO DIA,,,-7305.58,2025-03-01
2025-03-18,PIX TRANSF  THIAGO 18/03,50.0,50.0,,2025-03-01
2025-03-18,SALDO DO DIA,,,-7255.58,2025-03-01
2025-03-19,ELECTRONRS AVILA,-120.1,-120.1,,2025-03-01
2025-03-19,PIX QRS Zoop Tecnol19/03,-20.0,-20.0,,2025-03-01
2025-03-19,DA  ELETROPAULO 11701161,-143.47,-143.47,,2025-03-01
2025-03-19,SALDO DO DIA,,,-7539.15,2025-03-01
2025-03-20,ELECTRONRS AVILA,-51.98,-51.98,,2025-03-01
2025-03-20,DA  CLARO RESID 75680788,-236.51,-236.51,,2025-03-01
2025-03-20,SALDO DO DIA,,,-7827.64,2025-03-01
2025-03-21,ELECTRONBB TRANSPOR,-30.0,-30.0,,2025-03-01
2025-03-21,ELECTRONBR2 BARUERI,-20.0,-20.0,,2025-03-01
2025-03-21,ELECTRONPERTO SA,-30.0,-30.0,,2025-03-01
2025-03-21,ELECTRONPERTO SA,-50.0,-50.0,,2025-03-01
2025-03-21,ELECTRONREAL BRASIL,-8.0,-8.0,,2025-03-01
2025-03-21,ELECTRONRESTAURANTE,-36.5,-36.5,,2025-03-01
2025-03-21,PIX TRANSF  ELIZABE21/03,-500.0,-500.0,,2025-03-01
2025-03-21,PIX TRANSF  REAL BR21/03,-800.0,-800.0,,2025-03-01
2025-03-21,PIX TRANSF  JOHANIS21/03,15.0,15.0,,2025-03-01
2025-03-21,PIX TRANSF  LUCIANO21/03,65.0,65.0,,2025-03-01
2025-03-21,PIX TRANSF  MALCEMI21/03,50.0,50.0,,2025-03-01
2025-03-21,PIX TRANSF  MARCOS 21/03,50.0,50.0,,2025-03-01
2025-03-21,PIX TRANSF  SMART A21/03,50.0,50.0,,2025-03-01
2025-03-21,SALDO DO DIA,,,-9072.14,2025-03-01
2025-03-24,FINANC IMOBILIARIO   036,-2757.47,-2757.47,,2025-03-01
2025-03-24,ELECTRONCASSIO ANDR,-16.0,-16.0,,2025-03-01
2025-03-24,ELECTRONFEIRANTES,-15.0,-15.0,,2025-03-01
2025-03-24,ELECTRONLuizaDeFati,-10.0,-10.0,,2025-03-01
2025-03-24,ELECTRONMariaEdnaQu,-15.0,-15.0,,2025-03-01
2025-03-24,ELECTRONMP*GILMAR15,-5.0,-5.0,,2025-03-01
2025-03-24,ELECTRONMP*ORIEL,-40.0,-40.0,,2025-03-01
2025-03-24,ELECTRONPanetteriaN,-27.0,-27.0,,2025-03-01
2025-03-24,ELECTRONPanetteriaN,-8.0,-8.0,,2025-03-01
2025-03-24,ELECTRONPkf,-37.0,-37.0,,2025-03-01
2025-03-24,ELECTRONRobinson,-47.0,-47.0,,2025-03-01
2025-03-24,ELECTRONRosileneDaS,-13.0,-13.0,,2025-03-01
2025-03-24,ELECTRONREAL BRASIL,-12.0,-12.0,,2025-03-01
2025-03-24,ELECTRONRS AVILA,-50.42,-50.42,,2025-03-01
2025-03-24,ELECTRONRS AVILA,-9.43,-9.43,,2025-03-01
2025-03-24,PIX TRANSF  IMW 3 R23/03,-100.0,-100.0,,2025-03-01
2025-03-24,PIX TRANSF  IMW 3 R23/03,-24.0,-24.0,,2025-03-01
2025-03-24,PIX TRANSF  Leonard23/03,-20.0,-20.0,,2025-03-01
2025-03-24,PIX TRANSF  LUCIANO22/03,50.0,50.0,,2025-03-01
2025-03-24,SALDO DO DIA,,,-12228.46,2025-03-01
2025-03-25,ELECTRONCARLA DORIG,-21.8,-21.8,,2025-03-01
2025-03-25,ELECTRONCARLA DORIG,-10.9,-10.9,,2025-03-01
2025-03-25,DA  COMGAS 51448254,-212.61,-212.61,,2025-03-01
2025-03-25,SALDO DO DIA,,,-12473.77,2025-03-01
2025-03-26,INT /SEFAZ-SP/DARE 25059,-595.22,-595.22,,2025-03-01
2025-03-26,INT /SEFAZ-SP/DARE 25059,-595.22,-595.22,,2025-03-01
2025-03-26,ELECTRONMINI EXTRA-,-19.01,-19.01,,2025-03-01
2025-03-26,SALDO DO DIA,,,-13683.22,2025-03-01
2025-03-27,ELECTRONEMPORIO BUO,-15.7,-15.7,,2025-03-01
2025-03-27,ELECTRONMERLO'S PIZ,-40.0,-40.0,,2025-03-01
2025-03-27,ELECTRONPERTO SA,-20.0,-20.0,,2025-03-01
2025-03-27,ELECTRONPERTO SA,-30.0,-30.0,,2025-03-01
2025-03-27,SALDO DO DIA,,,-13788.92,2025-03-01
2025-03-28,ELECTRONLaysRosenoD,-40.0,-40.0,,2025-03-01
2025-03-28,ELECTRONMP*CHURROSD,-12.0,-12.0,,2025-03-01
2025-03-28,SALDO DO DIA,,,-13840.92,2025-03-01
2025-03-31,ELECTRONBURGER KING,-29.8,-29.8,,2025-03-01
2025-03-31,ELECTRONCLUBE REAL,-5.0,-5.0,,2025-03-01
2025-03-31,ELECTRONFeiranteJam,-16.0,-16.0,,2025-03-01
2025-03-31,ELECTRONLUIZ ANTONI,-50.0,-50.0,,2025-03-01
2025-03-31,ELECTRONMINI EXTRA-,-17.36,-17.36,,2025-03-01
2025-03-31,ELECTRONOGGI SORVET,-28.99,-28.99,,2025-03-01
2025-03-31,ELECTRONPADARIA DEL,-87.98,-87.98,,2025-03-01
2025-03-31,ELECTRONRS AVILA,-22.73,-22.73,,2025-03-01
2025-03-31,PIX QRS Uber30/03,-22.91,-22.91,,2025-03-01
2025-03-31,PIX QRS Uber30/03,-14.97,-14.97,,2025-03-01
2025-03-31,PIX TRANSF  ANDRE N31/03,-50.0,-50.0,,2025-03-01
2025-03-31,PIX TRANSF  MICHELL31/03,600.0,600.0,,2025-03-01
2025-03-31,SALDO DO DIA,,,-13586.66,2025-03-01
2025-03-31,SALDO ANTERIOR,,,-13586.66,2025-04-01
2025-04-01,SABESP      3082129325,-197.1,-197.1,,2025-04-01
2025-04-01,SALDO DO DIA,,,-13783.76,2025-04-01
2025-04-02,IOF,-62.25,-62.25,,2025-04-01
2025-04-02,TAR PACOTE ITAU   MAR/25,-92.5,-92.5,,2025-04-01
2025-04-02,SALDO DO DIA,,,-13938.51,2025-04-01
2025-04-03,PIX QRS Uber03/04,-23.91,-23.91,,2025-04-01
2025-04-03,PIX QRS Uber03/04,-21.92,-21.92,,2025-04-01
2025-04-03,DEV PIX Uber03/04,23.91,23.91,,2025-04-01
2025-04-03,SALDO DO DIA,,,-13960.43,2025-04-01
2025-04-04,PAGTO SALARIO,2738.03,2738.03,,2025-04-01
2025-04-04,SALDO DO DIA,,,-11222.4,2025-04-01
2025-04-07,PIX QRS Magazine Lu05/04,-93.4,-93.4,,2025-04-01
2025-04-07,PIX QRS Uber05/04,-21.93,-21.93,,2025-04-01
2025-04-07,PIX TRANSF  Luiz Fe05/04,-150.0,-150.0,,2025-04-01
2025-04-07,JUROS LIMITE DA CONTA,-824.13,-824.13,,2025-04-01
2025-04-07,DA  CLARO CELULAR  68279,-57.29,-57.29,,2025-04-01
2025-04-07,SALDO DO DIA,,,-12369.15,2025-04-01
2025-04-08,ELECTRONARFCO,-79.21,-79.21,,2025-04-01
2025-04-08,ELECTRONMETRO SAO P,-30.0,-30.0,,2025-04-01
2025-04-08,ELECTRONMETRO SAO P,-50.0,-50.0,,2025-04-01
2025-04-08,PIX TRANSF  MAURINI08/04,50.0,50.0,,2025-04-01
2025-04-08,PIX TRANSF  PAULO H08/04,30.0,30.0,,2025-04-01
2025-04-08,SALDO DO DIA,,,-12448.36,2025-04-01
2025-04-09,ELECTRONMP*ERINALDO,-10.0,-10.0,,2025-04-01
2025-04-09,ELECTRONRS AVILA,-53.5,-53.5,,2025-04-01
2025-04-09,ELECTRONRS AVILA,-67.19,-67.19,,2025-04-01
2025-04-09,PAG BOLETO  PAG TIT BANC,-729.63,-729.63,,2025-04-01
2025-04-09,PIX TRANSF  REAL BR09/04,-130.0,-130.0,,2025-04-01
2025-04-09,PIX TRANSF  JOHANIS09/04,50.0,50.0,,2025-04-01
2025-04-09,SALDO DO DIA,,,-13388.68,2025-04-01
2025-04-10,ELECTRONMINI EXTRA-,-17.48,-17.48,,2025-04-01
2025-04-10,ELECTRONMINI EXTRA-,-45.03,-45.03,,2025-04-01
2025-04-10,ELECTRONMP*CHURROSD,-20.0,-20.0,,2025-04-01
2025-04-10,SEGURO CARTAO,-8.57,-8.57,,2025-04-01
2025-04-10,SALDO DO DIA,,,-13479.76,2025-04-01
2025-04-11,ELECTRONBB TRANSPOR,-30.0,-30.0,,2025-04-01
2025-04-11,ELECTRONDROGARIA E,-39.99,-39.99,,2025-04-01
2025-04-11,ELECTRONReginaldoca,-8.0,-8.0,,2025-04-01
2025-04-11,ELECTRONREAL BRASIL,-16.0,-16.0,,2025-04-01
2025-04-11,ELECTRONRESTAURANTE,-37.0,-37.0,,2025-04-01
2025-04-11,PIX QRS Uber11/04,-17.91,-17.91,,2025-04-01
2025-04-11,PIX TRANSF  JONY AL11/04,50.0,50.0,,2025-04-01
2025-04-11,PIX TRANSF  JULIANO11/04,50.0,50.0,,2025-04-01
2025-04-11,PIX TRANSF  Luiz Gu11/04,50.0,50.0,,2025-04-01
2025-04-11,PIX TRANSF  MARCELO11/04,50.0,50.0,,2025-04-01
2025-04-11,PIX TRANSF  THIAGO 11/04,50.0,50.0,,2025-04-01
2025-04-11,SALDO DO DIA,,,-13378.66,2025-04-01
2025-04-14,ELECTRONBarracaDoCu,-5.0,-5.0,,2025-04-01
2025-04-14,ELECTRONBANANAS ANA,-15.0,-15.0,,2025-04-01
2025-04-14,ELECTRONCarlosDiyod,-8.0,-8.0,,2025-04-01
2025-04-14,ELECTRONCASSIO ANDR,-25.0,-25.0,,2025-04-01
2025-04-14,ELECTRONDAMACIO PER,-26.95,-26.95,,2025-04-01
2025-04-14,ELECTRONDROGARIA SA,-63.97,-63.97,,2025-04-01
2025-04-14,ELECTRONFEIRANTES,-20.0,-20.0,,2025-04-01
2025-04-14,ELECTRONFRIGOMUNDO,-39.39,-39.39,,2025-04-01
2025-04-14,ELECTRONFRIGOMUNDO,-25.49,-25.49,,2025-04-01
2025-04-14,ELECTRONIgreja Meto,-50.0,-50.0,,2025-04-01
2025-04-14,ELECTRONMINI EXTRA-,-113.71,-113.71,,2025-04-01
2025-04-14,ELECTRONMINI EXTRA-,-9.69,-9.69,,2025-04-01
2025-04-14,ELECTRONMINI EXTRA-,-67.43,-67.43,,2025-04-01
2025-04-14,ELECTRONMP*GILMAR15,-5.0,-5.0,,2025-04-01
2025-04-14,ELECTRONMP*MARQUES,-2.0,-2.0,,2025-04-01
2025-04-14,ELECTRONMP*ORIEL,-5.0,-5.0,,2025-04-01
2025-04-14,ELECTRONMP*ORIEL,-45.0,-45.0,,2025-04-01
2025-04-14,ELECTRONNM PIZZARIA,-41.9,-41.9,,2025-04-01
2025-04-14,ELECTRONRobinson,-98.0,-98.0,,2025-04-01
2025-04-14,ELECTRONRosileneDaS,-23.0,-23.0,,2025-04-01
2025-04-14,ELECTRONThiemiComer,-37.0,-37.0,,2025-04-01
2025-04-14,PIX QRS Uber13/04,-21.97,-21.97,,2025-04-01
2025-04-14,PIX TRANSF  IMW 3 R13/04,-100.0,-100.0,,2025-04-01
2025-04-14,PIX CARTAO  SBF COMERCI1,-152.48,-152.48,,2025-04-01
2025-04-14,PIX TRANSF  IGOR MO14/04,50.0,50.0,,2025-04-01
2025-04-14,PIX TRANSF  MICHELL12/04,40.0,40.0,,2025-04-01
2025-04-14,CREDITO LIBERAD PIX 6964,152.48,152.48,,2025-04-01
2025-04-14,DEB AUTOR UNICEF,-85.0,-85.0,,2025-04-01
2025-04-14,SALDO DO DIA,,,-14222.16,2025-04-01
2025-04-15,ELECTRONBB TRANSPOR,-30.0,-30.0,,2025-04-01
2025-04-15,ELECTRONPadariaChar,-8.99,-8.99,,2025-04-01
2025-04-15,ELECTRONRESTAURANTE,-35.0,-35.0,,2025-04-01
2025-04-15,PAGTO ADIANT SALARIAL,4280.44,4280.44,,2025-04-01
2025-04-15,PAGTO BONUS,25394.8,25394.8,,2025-04-01
2025-04-15,DA  CLARO CELULAR  64592,-160.24,-160.24,,2025-04-01
2025-04-15,SDO CTA/APL AUTOMATICAS,,,15218.85,2025-04-01
2025-04-16,ELECTRONMINI EXTRA-,-18.13,-18.13,,2025-04-01
2025-04-16,PIX QRS CEA PAY FUN16/04,-205.05,-205.05,,2025-04-01
2025-04-16,PIX TRANSF  DORALIC16/04,-100.0,-100.0,,2025-04-01
2025-04-16,PIX TRANSF  ELIZABE16/04,-1400.0,-1400.0,,2025-04-01
2025-04-16,PIX TRANSF  IMW 3 R16/04,-1000.0,-1000.0,,2025-04-01
2025-04-16,INT ITAU VISA,-1300.84,-1300.84,,2025-04-01
2025-04-16,DA  ELETROPAULO 11701161,-115.98,-115.98,,2025-04-01
2025-04-16,REND PAGO APLIC AUT MAIS,0.01,0.01,,2025-04-01
2025-04-16,SDO CTA/APL AUTOMATICAS,,,11078.86,2025-04-01
2025-04-17,ELECTRONPONTO DA ES,-70.0,-70.0,,2025-04-01
2025-04-17,PIX QRS Uber17/04,-18.9,-18.9,,2025-04-01
2025-04-17,SDO CTA/APL AUTOMATICAS,,,10989.96,2025-04-01
2025-04-22,ELECTRONARIZONA PAE,-20.03,-20.03,,2025-04-01
2025-04-22,ELECTRONEMPORIO BOM,-1.99,-1.99,,2025-04-01
2025-04-22,ELECTRONFRIGOMUNDO,-58.54,-58.54,,2025-04-01
2025-04-22,ELECTRONFUNCHAL TUC,-24.36,-24.36,,2025-04-01
2025-04-22,ELECTRONJoaoPauloPe,-10.0,-10.0,,2025-04-01
2025-04-22,ELECTRONLindinalvaD,-8.0,-8.0,,2025-04-01
2025-04-22,ELECTRONMERCADO ARA,-12.2,-12.2,,2025-04-01
2025-04-22,ELECTRONMETRO SAO P,-30.0,-30.0,,2025-04-01
2025-04-22,ELECTRONMETRO SAO P,-20.0,-20.0,,2025-04-01
2025-04-22,ELECTRONMP*JTDOCES,-30.0,-30.0,,2025-04-01
2025-04-22,ELECTRONPADARIA DEL,-43.99,-43.99,,2025-04-01
2025-04-22,ELECTRONPAES E DOCE,-8.99,-8.99,,2025-04-01
2025-04-22,ELECTRONRESTAURANTE,-32.0,-32.0,,2025-04-01
2025-04-22,ELECTRONSHOPPING TU,-14.5,-14.5,,2025-04-01
2025-04-22,ELECTRONTRIMAIS SUP,-76.02,-76.02,,2025-04-01
2025-04-22,PIX QRS Uber20/04,-12.74,-12.74,,2025-04-01
2025-04-22,PIX QRS Uber21/04,-16.42,-16.42,,2025-04-01
2025-04-22,PIX TRANSF  ANDRE N18/04,-50.0,-50.0,,2025-04-01
2025-04-22,PIX TRANSF  REAL BR22/04,-800.0,-800.0,,2025-04-01
2025-04-22,DA  CLARO RESID 75680788,-236.51,-236.51,,2025-04-01
2025-04-22,REND PAGO APLIC AUT MAIS,0.01,0.01,,2025-04-01
2025-04-22,SDO CTA/APL AUTOMATICAS,,,9483.68,2025-04-01
2025-04-23,FINANC IMOBILIARIO   037,-2756.06,-2756.06,,2025-04-01
2025-04-23,ELECTRONFRIGOMUNDO,-9.15,-9.15,,2025-04-01
2025-04-23,ELECTRONMINI EXTRA-,-19.99,-19.99,,2025-04-01
2025-04-23,PIX TRANSF  LUCIANO23/04,50.0,50.0,,2025-04-01
2025-04-23,DA  COMGAS 51448254,-290.91,-290.91,,2025-04-01
2025-04-23,REND PAGO APLIC AUT MAIS,0.03,0.03,,2025-04-01
2025-04-23,SDO CTA/APL AUTOMATICAS,,,6457.6,2025-04-01
2025-04-24,SDO CTA/APL AUTOMATICAS,,,6457.6,2025-04-01
2025-04-25,ELECTRONREAL BRASIL,-8.0,-8.0,,2025-04-01
2025-04-25,PIX TRANSF  ANDRE N25/04,-50.0,-50.0,,2025-04-01
2025-04-25,PIX TRANSF  ERLONDS25/04,-40.0,-40.0,,2025-04-01
2025-04-25,PIX TRANSF  LUCAS N25/04,15.0,15.0,,2025-04-01
2025-04-25,SDO CTA/APL AUTOMATICAS,,,6374.6,2025-04-01
2025-04-28,ELECTRONMUNDOMED DR,-6.99,-6.99,,2025-04-01
2025-04-28,ELECTRONPERTO,-10.0,-10.0,,2025-04-01
2025-04-28,ELECTRONPERTO,-20.0,-20.0,,2025-04-01
2025-04-28,PIX QRS Uber27/04,-1.24,-1.24,,2025-04-01
2025-04-28,PIX QRS Uber27/04,-12.73,-12.73,,2025-04-01
2025-04-28,PIX QRS Uber27/04,-11.21,-11.21,,2025-04-01
2025-04-28,PIX TRANSF  Real Br28/04,-140.0,-140.0,,2025-04-01
2025-04-28,DEV PIX Uber27/04,12.73,12.73,,2025-04-01
2025-04-28,REND PAGO APLIC AUT MAIS,0.01,0.01,,2025-04-01
2025-04-28,SDO CTA/APL AUTOMATICAS,,,6185.17,2025-04-01
2025-04-29,PIX TRANSF  THE CLO29/04,997.0,997.0,,2025-04-01
2025-04-29,SDO CTA/APL AUTOMATICAS,,,7182.17,2025-04-01
2025-04-30,PIX TRANSF  MICHELL30/04,1000.0,1000.0,,2025-04-01
2025-04-30,SDO CTA/APL AUTOMATICAS,,,8182.17,2025-04-01
2025-04-30,SALDO ANTERIOR,,,8182.17,2025-05-01
2025-05-02,ELECTRONHIP BERGAMI,-665.32,-665.32,,2025-05-01
2025-05-02,ELECTRONRicardosapo,-48.0,-48.0,,2025-05-01
2025-05-02,ELECTRONTARIFA TRAN,-50.0,-50.0,,2025-05-01
2025-05-02,ELECTRONTARIFA TRAN,-10.0,-10.0,,2025-05-01
2025-05-02,PIX QRS Uber02/05,-41.98,-41.98,,2025-05-01
2025-05-02,PIX QRS Uber02/05,-27.93,-27.93,,2025-05-01
2025-05-02,DEV PIX Uber02/05,27.93,27.93,,2025-05-01
2025-05-02,SABESP      3082129325,-197.1,-197.1,,2025-05-01
2025-05-02,REND PAGO APLIC AUT MAIS,0.05,0.05,,2025-05-01
2025-05-02,SDO CTA/APL AUTOMATICAS,,,7169.82,2025-05-01
2025-05-05,IOF,-28.06,-28.06,,2025-05-01
2025-05-05,ELECTRONqueijominas,-55.0,-55.0,,2025-05-01
2025-05-05,ELECTRONBAR DU BIGO,-6.0,-6.0,,2025-05-01
2025-05-05,ELECTRONBAR DU BIGO,-25.0,-25.0,,2025-05-01
2025-05-05,ELECTRONCASSIO ANDR,-10.0,-10.0,,2025-05-01
2025-05-05,ELECTRONCENTAURO,-49.99,-49.99,,2025-05-01
2025-05-05,ELECTRONFRIGOMUNDO,-49.08,-49.08,,2025-05-01
2025-05-05,ELECTRONFRIGOMUNDO,-18.9,-18.9,,2025-05-01
2025-05-05,ELECTRONIgreja Meto,-45.0,-45.0,,2025-05-01
2025-05-05,ELECTRONJ A RODRIGU,-50.0,-50.0,,2025-05-01
2025-05-05,ELECTRONLuizaDeFati,-15.0,-15.0,,2025-05-01
2025-05-05,ELECTRONMP*FEIRANTE,-8.0,-8.0,,2025-05-01
2025-05-05,ELECTRONMP*ORIEL,-24.0,-24.0,,2025-05-01
2025-05-05,ELECTRONPATRICIAPER,-5.0,-5.0,,2025-05-01
2025-05-05,ELECTRONRobinson,-15.0,-15.0,,2025-05-01
2025-05-05,ELECTRONRosileneDaS,-10.0,-10.0,,2025-05-01
2025-05-05,ELECTRONSHOPPING TU,-13.5,-13.5,,2025-05-01
2025-05-05,ELECTRONThiemiComer,-18.5,-18.5,,2025-05-01
2025-05-05,ELECTRONWmVerdurasE,-8.0,-8.0,,2025-05-01
2025-05-05,PAGTO SALARIO,2557.64,2557.64,,2025-05-01
2025-05-05,DA  CLARO CELULAR  68279,-57.29,-57.29,,2025-05-01
2025-05-05,TAR PACOTE ITAU   ABR/25,-92.5,-92.5,,2025-05-01
2025-05-05,SDO CTA/APL AUTOMATICAS,,,9123.64,2025-05-01
2025-05-06,ELECTRONBARDOCHE AC,-53.0,-53.0,,2025-05-01
2025-05-06,ELECTRONMP*CHURROSD,-18.0,-18.0,,2025-05-01
2025-05-06,ELECTRONTREMBALA CO,-18.9,-18.9,,2025-05-01
2025-05-06,PAG BOLETO  PAG TIT BANC,-729.63,-729.63,,2025-05-01
2025-05-06,PIX TRANSF  REAL BR06/05,-130.0,-130.0,,2025-05-01
2025-05-06,PIX TRANSF  JOAO BR06/05,60.0,60.0,,2025-05-01
2025-05-06,REND PAGO APLIC AUT MAIS,0.07,0.07,,2025-05-01
2025-05-06,SDO CTA/APL AUTOMATICAS,,,8234.18,2025-05-01
2025-05-07,ELECTRONDROGARIA SA,-45.02,-45.02,,2025-05-01
2025-05-07,ELECTRONMERCADO GAG,-18.98,-18.98,,2025-05-01
2025-05-07,ELECTRONRS AVILA,-28.15,-28.15,,2025-05-01
2025-05-07,REND PAGO APLIC AUT MAIS,0.01,0.01,,2025-05-01
2025-05-07,SDO CTA/APL AUTOMATICAS,,,8142.04,2025-05-01
2025-05-08,ELECTRONFRIGOMUNDO,-27.22,-27.22,,2025-05-01
2025-05-08,PIX TRANSF  MAURINI08/05,50.0,50.0,,2025-05-01
2025-05-08,SDO CTA/APL AUTOMATICAS,,,8164.82,2025-05-01
2025-05-09,ELECTRONMAGIA,-109.18,-109.18,,2025-05-01
2025-05-09,ELECTRONREAL BRASIL,-29.0,-29.0,,2025-05-01
2025-05-09,PIX QRS Carlos Toru09/05,-4.0,-4.0,,2025-05-01
2025-05-09,PIX TRANSF  THAIS D09/05,-212.0,-212.0,,2025-05-01
2025-05-09,PIX TRANSF  David C09/05,15.0,15.0,,2025-05-01
2025-05-09,PIX TRANSF  GEOVANE09/05,15.0,15.0,,2025-05-01
2025-05-09,PIX TRANSF  Jonatha09/05,23.0,23.0,,2025-05-01
2025-05-09,PIX TRANSF  KAREN O09/05,23.0,23.0,,2025-05-01
2025-05-09,PIX TRANSF  Lilian 09/05,23.0,23.0,,2025-05-01
2025-05-09,PIX TRANSF  Lucas C09/05,26.0,26.0,,2025-05-01
2025-05-09,PIX TRANSF  LUCIANO09/05,100.0,100.0,,2025-05-01
2025-05-09,PIX TRANSF  RAFAEL 09/05,26.0,26.0,,2025-05-01
2025-05-09,REND PAGO APLIC AUT MAIS,0.01,0.01,,2025-05-01
2025-05-09,SDO CTA/APL AUTOMATICAS,,,8061.65,2025-05-01
2025-05-12,ELECTRONANTONIO CHI,-48.0,-48.0,,2025-05-01
2025-05-12,ELECTRONCarlosDiyod,-10.0,-10.0,,2025-05-01
2025-05-12,ELECTRONCALDOS MANA,-32.0,-32.0,,2025-05-01
2025-05-12,ELECTRONCASSIO ANDR,-14.0,-14.0,,2025-05-01
2025-05-12,ELECTRONFEIRANTES,-10.0,-10.0,,2025-05-01
2025-05-12,ELECTRONLOJAS AMERI,-49.85,-49.85,,2025-05-01
2025-05-12,ELECTRONMARCELO PIN,-11.0,-11.0,,2025-05-01
2025-05-12,ELECTRONPONTAL LOJA,-99.99,-99.99,,2025-05-01
2025-05-12,ELECTRONRobinson,-33.0,-33.0,,2025-05-01
2025-05-12,ELECTRONSHOPPING ME,-5.5,-5.5,,2025-05-01
2025-05-12,ELECTRONSUPER MERCA,-65.91,-65.91,,2025-05-01
2025-05-12,ELECTRONTRIANGULOS,-20.0,-20.0,,2025-05-01
2025-05-12,PIX QRS Uber10/05,-21.98,-21.98,,2025-05-01
2025-05-12,PIX QRS Uber10/05,-22.92,-22.92,,2025-05-01
2025-05-12,PIX QRS Uber10/05,-21.97,-21.97,,2025-05-01
2025-05-12,PIX TRANSF  ANDRE N12/05,-100.0,-100.0,,2025-05-01
2025-05-12,DEV PIX Uber10/05,21.98,21.98,,2025-05-01
2025-05-12,DEV PIX Uber10/05,22.92,22.92,,2025-05-01
2025-05-12,PIX TRANSF  Joao Pa10/05,30.0,30.0,,2025-05-01
2025-05-12,PIX TRANSF  Joao Vi10/05,15.0,15.0,,2025-05-01
2025-05-12,PIX TRANSF  JONY AL10/05,50.0,50.0,,2025-05-01
2025-05-12,PIX TRANSF  JULIANO11/05,65.0,65.0,,2025-05-01
2025-05-12,PIX TRANSF  Luiz Gu12/05,50.0,50.0,,2025-05-01
2025-05-12,PIX TRANSF  LUCAS S12/05,23.0,23.0,,2025-05-01
2025-05-12,PIX TRANSF  LUIS FE12/05,23.0,23.0,,2025-05-01
2025-05-12,PIX TRANSF  ULLE DA12/05,50.0,50.0,,2025-05-01
2025-05-12,SEGURO CARTAO,-8.57,-8.57,,2025-05-01
2025-05-12,REND PAGO APLIC AUT MAIS,0.03,0.03,,2025-05-01
2025-05-12,SDO CTA/APL AUTOMATICAS,,,7837.89,2025-05-01
2025-05-13,ELECTRONRS AVILA,-120.11,-120.11,,2025-05-01
2025-05-13,ELECTRONRS AVILA,-37.51,-37.51,,2025-05-01
2025-05-13,ELECTRONTREMBALA CO,-55.0,-55.0,,2025-05-01
2025-05-13,REND PAGO APLIC AUT MAIS,0.03,0.03,,2025-05-01
2025-05-13,SDO CTA/APL AUTOMATICAS,,,7625.3,2025-05-01
2025-05-14,DEB AUTOR UNICEF,-85.0,-85.0,,2025-05-01
2025-05-14,REND PAGO APLIC AUT MAIS,0.01,0.01,,2025-05-01
2025-05-14,SDO CTA/APL AUTOMATICAS,,,7540.31,2025-05-01
2025-05-15,ELECTRONMINI EXTRA-,-39.76,-39.76,,2025-05-01
2025-05-15,ELECTRONMP*CHURROSD,-12.0,-12.0,,2025-05-01
2025-05-15,ELECTRONQUITANDA E,-16.9,-16.9,,2025-05-01
2025-05-15,PIX QRS CEA PAY FUN15/05,-211.32,-211.32,,2025-05-01
2025-05-15,PIX TRANSF  IMW 3 R15/05,-100.0,-100.0,,2025-05-01
2025-05-15,INT ITAU VISA,-1333.74,-1333.74,,2025-05-01
2025-05-15,PAGTO ADIANT SALARIAL,4280.44,4280.44,,2025-05-01
2025-05-15,DA  CLARO CELULAR  64592,-160.24,-160.24,,2025-05-01
2025-05-15,SDO CTA/APL AUTOMATICAS,,,9946.79,2025-05-01
2025-05-16,ELECTRONHILLARIUS S,-128.6,-128.6,,2025-05-01
2025-05-16,ELECTRONMETRO SAO P,-20.0,-20.0,,2025-05-01
2025-05-16,ELECTRONMETRO SAO P,-30.0,-30.0,,2025-05-01
2025-05-16,ELECTRONPadariaChar,-32.28,-32.28,,2025-05-01
2025-05-16,ELECTRONPAES E DOCE,-8.99,-8.99,,2025-05-01
2025-05-16,ELECTRONRESTAURANTE,-32.0,-32.0,,2025-05-01
2025-05-16,PIX QRS Uber16/05,-20.84,-20.84,,2025-05-01
2025-05-16,PIX QRS Uber16/05,-15.1,-15.1,,2025-05-01
2025-05-16,PIX TRANSF  Iego Ke16/05,30.0,30.0,,2025-05-01
2025-05-16,PIX TRANSF  VINICIU16/05,15.0,15.0,,2025-05-01
2025-05-16,REND PAGO APLIC AUT MAIS,0.2,0.2,,2025-05-01
2025-05-16,SDO CTA/APL AUTOMATICAS,,,9704.18,2025-05-01
2025-05-19,ELECTRONCarlosDiyod,-20.0,-20.0,,2025-05-01
2025-05-19,ELECTRONCASSIO ANDR,-5.0,-5.0,,2025-05-01
2025-05-19,ELECTRONCASSIO ANDR,-24.0,-24.0,,2025-05-01
2025-05-19,ELECTRONCDBU DISTR,-290.8,-290.8,,2025-05-01
2025-05-19,ELECTRONCLUBE REAL,-8.0,-8.0,,2025-05-01
2025-05-19,ELECTRONDROGARIA SA,-34.99,-34.99,,2025-05-01
2025-05-19,ELECTRONFEIRANTES,-25.0,-25.0,,2025-05-01
2025-05-19,ELECTRONGilvaneidel,-22.0,-22.0,,2025-05-01
2025-05-19,ELECTRONImperioAcai,-14.0,-14.0,,2025-05-01
2025-05-19,ELECTRONLaysRosenoD,-40.0,-40.0,,2025-05-01
2025-05-19,ELECTRONMAGAZINE TO,-209.93,-209.93,,2025-05-01
2025-05-19,ELECTRONMINI EXTRA-,-34.67,-34.67,,2025-05-01
2025-05-19,ELECTRONMP*ORIEL,-10.0,-10.0,,2025-05-01
2025-05-19,ELECTRONMP*ORIEL,-43.0,-43.0,,2025-05-01
2025-05-19,ELECTRONOrielPereir,-20.0,-20.0,,2025-05-01
2025-05-19,ELECTRONPADARIA DEL,-43.99,-43.99,,2025-05-01
2025-05-19,ELECTRONPONTO DA ES,-40.0,-40.0,,2025-05-01
2025-05-19,ELECTRONRenanMoraes,-5.0,-5.0,,2025-05-01
2025-05-19,ELECTRONRobinson,-16.0,-16.0,,2025-05-01
2025-05-19,ELECTRONRosileneDaS,-5.0,-5.0,,2025-05-01
2025-05-19,ELECTRONThiemiComer,-37.0,-37.0,,2025-05-01
2025-05-19,ELECTRONVERA CLEMEN,-15.0,-15.0,,2025-05-01
2025-05-19,ELECTRONWmVerdurasE,-9.0,-9.0,,2025-05-01
2025-05-19,PIX TRANSF  Caio Ce17/05,15.0,15.0,,2025-05-01
2025-05-19,PIX TRANSF  Joao Vi17/05,15.0,15.0,,2025-05-01
2025-05-19,PIX TRANSF  MICHELL17/05,100.0,100.0,,2025-05-01
2025-05-19,DA  ELETROPAULO 11701161,-126.84,-126.84,,2025-05-01
2025-05-19,REND PAGO APLIC AUT MAIS,0.83,0.83,,2025-05-01
2025-05-19,SDO CTA/APL AUTOMATICAS,,,8735.79,2025-05-01
2025-05-20,ELECTRONBB TRANSPOR,-50.0,-50.0,,2025-05-01
2025-05-20,ELECTRONRESTAURANTE,-32.0,-32.0,,2025-05-01
2025-05-20,PIX TRANSF  ANDRE N20/05,50.0,50.0,,2025-05-01
2025-05-20,PIX TRANSF  GEOVANE20/05,15.0,15.0,,2025-05-01
2025-05-20,DA  CLARO RESID 75680788,-236.51,-236.51,,2025-05-01
2025-05-20,REND PAGO APLIC AUT MAIS,0.23,0.23,,2025-05-01
2025-05-20,SDO CTA/APL AUTOMATICAS,,,8482.51,2025-05-01
2025-05-21,ELECTRONOggiSorvete,-6.74,-6.74,,2025-05-01
2025-05-21,PIX TRANSF  REAL BR21/05,-800.0,-800.0,,2025-05-01
2025-05-21,REND PAGO APLIC AUT MAIS,0.76,0.76,,2025-05-01
2025-05-21,SDO CTA/APL AUTOMATICAS,,,7676.53,2025-05-01
2025-05-22,ELECTRONImw3RVilaNi,-50.0,-50.0,,2025-05-01
2025-05-22,ELECTRONLUIZ ANTONI,-29.0,-29.0,,2025-05-01
2025-05-22,ELECTRONOXXO GUAPIR,-32.04,-32.04,,2025-05-01
2025-05-22,PIX QRS Uber22/05,-23.86,-23.86,,2025-05-01
2025-05-22,PIX TRANSF  GC IBIR22/05,50.0,50.0,,2025-05-01
2025-05-22,REND PAGO APLIC AUT MAIS,0.08,0.08,,2025-05-01
2025-05-22,SDO CTA/APL AUTOMATICAS,,,7591.71,2025-05-01
2025-05-23,FINANC IMOBILIARIO   038,-2754.69,-2754.69,,2025-05-01
2025-05-23,ELECTRONFRIGOMUNDO,-79.49,-79.49,,2025-05-01
2025-05-23,ELECTRONLUIZ ANTONI,-46.0,-46.0,,2025-05-01
2025-05-23,ELECTRONMINI EXTRA-,-24.86,-24.86,,2025-05-01
2025-05-23,ELECTRONPADARIA DEL,-74.7,-74.7,,2025-05-01
2025-05-23,ELECTRONREAL BRASIL,-8.0,-8.0,,2025-05-01
2025-05-23,PIX TRANSF  Elizeu 23/05,50.0,50.0,,2025-05-01
2025-05-23,PIX TRANSF  LUCAS A23/05,15.0,15.0,,2025-05-01
2025-05-23,PIX TRANSF  MALCEMI23/05,20.0,20.0,,2025-05-01
2025-05-23,REND PAGO APLIC AUT MAIS,1.44,1.44,,2025-05-01
2025-05-23,SDO CTA/APL AUTOMATICAS,,,4690.41,2025-05-01
2025-05-26,ELECTRONBarracaDoCu,-7.0,-7.0,,2025-05-01
2025-05-26,ELECTRONBANANAS ANA,-15.0,-15.0,,2025-05-01
2025-05-26,ELECTRONCarlosDiyod,-10.0,-10.0,,2025-05-01
2025-05-26,ELECTRONCASSIO ANDR,-12.0,-12.0,,2025-05-01
2025-05-26,ELECTRONIgreja Meto,-30.0,-30.0,,2025-05-01
2025-05-26,ELECTRONMP*ORIEL,-70.0,-70.0,,2025-05-01
2025-05-26,ELECTRONPATRICIAPER,-5.0,-5.0,,2025-05-01
2025-05-26,ELECTRONRobinson,-17.0,-17.0,,2025-05-01
2025-05-26,ELECTRONRosileneDaS,-14.0,-14.0,,2025-05-01
2025-05-26,ELECTRONRS AVILA,-27.11,-27.11,,2025-05-01
2025-05-26,ELECTRONThiemiComer,-37.0,-37.0,,2025-05-01
2025-05-26,DEV PIX Uber24/05,0.09,0.09,,2025-05-01
2025-05-26,DA  COMGAS 51448254,-334.35,-334.35,,2025-05-01
2025-05-26,REND PAGO APLIC AUT MAIS,0.07,0.07,,2025-05-01
2025-05-26,SDO CTA/APL AUTOMATICAS,,,4112.11,2025-05-01
2025-05-27,ELECTRONTREMBALA CO,-30.0,-30.0,,2025-05-01
2025-05-27,SDO CTA/APL AUTOMATICAS,,,4082.11,2025-05-01
2025-05-28,SDO CTA/APL AUTOMATICAS,,,4082.11,2025-05-01
2025-05-29,ELECTRONBB TRANSPOR,-30.0,-30.0,,2025-05-01
2025-05-29,ELECTRONMETRO SAO P,-20.0,-20.0,,2025-05-01
2025-05-29,ELECTRONMETRO SAO P,-30.0,-30.0,,2025-05-01
2025-05-29,PIX QRS Uber29/05,-31.49,-31.49,,2025-05-01
2025-05-29,REND PAGO APLIC AUT MAIS,0.02,0.02,,2025-05-01
2025-05-29,SDO CTA/APL AUTOMATICAS,,,3970.64,2025-05-01
2025-05-30,ELECTRONREAL BRASIL,-8.0,-8.0,,2025-05-01
2025-05-30,PIX TRANSF  FABIO G30/05,100.0,100.0,,2025-05-01
2025-05-30,PIX TRANSF  SECR. D30/05,1932.32,1932.32,,2025-05-01
2025-05-30,SDO CTA/APL AUTOMATICAS,,,5994.96,2025-05-01
2025-05-30,SALDO ANTERIOR,,,5994.96,2025-06-01
2025-06-02,ELECTRONALFA PARKIG,-20.0,-20.0,,2025-06-01
2025-06-02,ELECTRONANTONIO CHI,-24.0,-24.0,,2025-06-01
2025-06-02,ELECTRONARENA SANTA,-13.0,-13.0,,2025-06-01
2025-06-02,ELECTRONARENA SANTA,-3.0,-3.0,,2025-06-01
2025-06-02,ELECTRONCALDO MANAB,-10.0,-10.0,,2025-06-01
2025-06-02,ELECTRONFEIRA LETRI,-63.6,-63.6,,2025-06-01
2025-06-02,ELECTRONKODAI SUSHI,-354.95,-354.95,,2025-06-01
2025-06-02,ELECTRONMAGAZINE DO,-5.0,-5.0,,2025-06-01
2025-06-02,ELECTRONMAGAZINE DO,-4.0,-4.0,,2025-06-01
2025-06-02,ELECTRONMARGINAL,-48.98,-48.98,,2025-06-01
2025-06-02,ELECTRONMP*ALTADUCH,-16.0,-16.0,,2025-06-01
2025-06-02,ELECTRONPERNAMBUCAN,-25.99,-25.99,,2025-06-01
2025-06-02,ELECTRONSHOPPING ME,-11.0,-11.0,,2025-06-01
2025-06-02,PIX TRANSF  IMW 3 R01/06,-100.0,-100.0,,2025-06-01
2025-06-02,PIX TRANSF  FABIO G31/05,200.0,200.0,,2025-06-01
2025-06-02,PIX TRANSF  MICHELL02/06,1000.0,1000.0,,2025-06-01
2025-06-02,SABESP      3082129325,-287.43,-287.43,,2025-06-01
2025-06-02,SDO CTA/APL AUTOMATICAS,,,6208.01,2025-06-01
2025-06-03,ELECTRONEMPORIO DO,-22.49,-22.49,,2025-06-01
2025-06-03,ELECTRONMETRO SAO P,-20.0,-20.0,,2025-06-01
2025-06-03,ELECTRONMETRO SAO P,-30.0,-30.0,,2025-06-01
2025-06-03,ELECTRONPadariaChar,-8.99,-8.99,,2025-06-01
2025-06-03,ELECTRONRESTAURANTE,-33.0,-33.0,,2025-06-01
2025-06-03,TAR PACOTE ITAU   MAI/25,-92.5,-92.5,,2025-06-01
2025-06-03,REND PAGO APLIC AUT MAIS,0.03,0.03,,2025-06-01
2025-06-03,SDO CTA/APL AUTOMATICAS,,,6001.06,2025-06-01
2025-06-04,ELECTRONBrialeUnifo,-13.22,-13.22,,2025-06-01
2025-06-04,REND PAGO APLIC AUT MAIS,0.01,0.01,,2025-06-01
2025-06-04,SDO CTA/APL AUTOMATICAS,,,5987.85,2025-06-01
2025-06-05,ELECTRONMARIA CELIA,-44.0,-44.0,,2025-06-01
2025-06-05,ELECTRONMP*PAULOGAT,-62.0,-62.0,,2025-06-01
2025-06-05,ELECTRONPadariaChar,-8.99,-8.99,,2025-06-01
2025-06-05,ELECTRONPERTO,-20.0,-20.0,,2025-06-01
2025-06-05,ELECTRONRESTAURANTE,-32.0,-32.0,,2025-06-01
2025-06-05,PAGTO SALARIO,2736.14,2736.14,,2025-06-01
2025-06-05,DA  CLARO CELULAR  68279,-57.29,-57.29,,2025-06-01
2025-06-05,SDO CTA/APL AUTOMATICAS,,,8499.71,2025-06-01
2025-06-06,ELECTRONFRIGOMUNDO,-92.99,-92.99,,2025-06-01
2025-06-06,ELECTRONMAGIA,-61.73,-61.73,,2025-06-01
2025-06-06,ELECTRONMAGIA,-20.47,-20.47,,2025-06-01
2025-06-06,ELECTRONMINI EXTRA-,-33.99,-33.99,,2025-06-01
2025-06-06,ELECTRONREAL BRASIL,-8.0,-8.0,,2025-06-01
2025-06-06,PAG BOLETO  PAG TIT BANC,-729.63,-729.63,,2025-06-01
2025-06-06,PIX TRANSF  MAURINI06/06,50.0,50.0,,2025-06-01
2025-06-06,REND PAGO APLIC AUT MAIS,0.9,0.9,,2025-06-01
2025-06-06,SDO CTA/APL AUTOMATICAS,,,7603.8,2025-06-01
2025-06-09,ELECTRONBarracaDoCu,-5.0,-5.0,,2025-06-01
2025-06-09,ELECTRONBANANAS ANA,-24.0,-24.0,,2025-06-01
2025-06-09,ELECTRONCarlosDiyod,-5.0,-5.0,,2025-06-01
2025-06-09,ELECTRONCASSIO ANDR,-24.0,-24.0,,2025-06-01
2025-06-09,ELECTRONFEIRANTES,-10.0,-10.0,,2025-06-01
2025-06-09,ELECTRONFRIGOMUNDO,-13.99,-13.99,,2025-06-01
2025-06-09,ELECTRONLaysRosenoD,-40.0,-40.0,,2025-06-01
2025-06-09,ELECTRONLUCIANA DE,-3.0,-3.0,,2025-06-01
2025-06-09,ELECTRONMARCELO PIN,-18.0,-18.0,,2025-06-01
2025-06-09,ELECTRONMAZARO ROZE,-89.02,-89.02,,2025-06-01
2025-06-09,ELECTRONMINI EXTRA-,-10.77,-10.77,,2025-06-01
2025-06-09,ELECTRONMINI EXTRA-,-24.88,-24.88,,2025-06-01
2025-06-09,ELECTRONOrielPereir,-34.0,-34.0,,2025-06-01
2025-06-09,ELECTRONPKF COMERCI,-5.0,-5.0,,2025-06-01
2025-06-09,ELECTRONPKF COMERCI,-37.0,-37.0,,2025-06-01
2025-06-09,ELECTRONRobinson,-34.0,-34.0,,2025-06-01
2025-06-09,PIX QRS Uber08/06,-35.05,-35.05,,2025-06-01
2025-06-09,PIX QRS Uber08/06,-14.2,-14.2,,2025-06-01
2025-06-09,PIX TRANSF  ELIZABE08/06,-1400.0,-1400.0,,2025-06-01
2025-06-09,REND PAGO APLIC AUT MAIS,0.64,0.64,,2025-06-01
2025-06-09,SDO CTA/APL AUTOMATICAS,,,5777.53,2025-06-01
2025-06-10,ELECTRONFRIGOMUNDO,-42.57,-42.57,,2025-06-01
2025-06-10,ELECTRONTREMBALA CO,-22.9,-22.9,,2025-06-01
2025-06-10,PIX TRANSF  REAL BR10/06,-130.0,-130.0,,2025-06-01
2025-06-10,PIX TRANSF  Amanda 10/06,50.0,50.0,,2025-06-01
2025-06-10,SEGURO CARTAO,-8.57,-8.57,,2025-06-01
2025-06-10,DEB AUTOR UNICEF,-85.0,-85.0,,2025-06-01
2025-06-10,REND PAGO APLIC AUT MAIS,0.04,0.04,,2025-06-01
2025-06-10,SDO CTA/APL AUTOMATICAS,,,5538.53,2025-06-01
2025-06-11,ELECTRONFRIGOMUNDO,-17.87,-17.87,,2025-06-01
2025-06-11,ELECTRONMINI EXTRA-,-15.79,-15.79,,2025-06-01
2025-06-11,ELECTRONRS AVILA,-50.03,-50.03,,2025-06-01
2025-06-11,ELECTRONRS AVILA,-2.2,-2.2,,2025-06-01
2025-06-11,REND PAGO APLIC AUT MAIS,0.01,0.01,,2025-06-01
2025-06-11,SDO CTA/APL AUTOMATICAS,,,5452.65,2025-06-01
2025-06-12,ELECTRONeltonfernan,-20.0,-20.0,,2025-06-01
2025-06-12,ELECTRONMINI EXTRA-,-51.07,-51.07,,2025-06-01
2025-06-12,PIX TRANSF  ULLE DA12/06,50.0,50.0,,2025-06-01
2025-06-12,SDO CTA/APL AUTOMATICAS,,,5431.58,2025-06-01
2025-06-13,ELECTRONCOFFEE HALL,-31.0,-31.0,,2025-06-01
2025-06-13,ELECTRONPadariaChar,-8.99,-8.99,,2025-06-01
2025-06-13,ELECTRONPERTO,-20.0,-20.0,,2025-06-01
2025-06-13,ELECTRONREAL BRASIL,-16.0,-16.0,,2025-06-01
2025-06-13,PIX QRS Uber13/06,-47.99,-47.99,,2025-06-01
2025-06-13,PIX QRS Uber13/06,-47.98,-47.98,,2025-06-01
2025-06-13,PAGTO ADIANT SALARIAL,4280.44,4280.44,,2025-06-01
2025-06-13,PAGTO 13. SALARIO,5350.56,5350.56,,2025-06-01
2025-06-13,DEV PIX Uber13/06,47.99,47.99,,2025-06-01
2025-06-13,PIX TRANSF  JOHANIS13/06,50.0,50.0,,2025-06-01
2025-06-13,SDO CTA/APL AUTOMATICAS,,,14988.61,2025-06-01
2025-06-16,SAQUE BANCO24H697048659,-20.0,-20.0,,2025-06-01
2025-06-16,ELECTRONBarracaDoLu,-24.0,-24.0,,2025-06-01
2025-06-16,ELECTRONBURGER KING,-90.28,-90.28,,2025-06-01
2025-06-16,ELECTRONCINEMARK GU,-72.0,-72.0,,2025-06-01
2025-06-16,ELECTRONFRIGOMUNDO,-29.2,-29.2,,2025-06-01
2025-06-16,ELECTRONGILDO ANDRA,-10.0,-10.0,,2025-06-01
2025-06-16,ELECTRONIgreja Meto,-30.0,-30.0,,2025-06-01
2025-06-16,ELECTRONLOJAS AMERI,-55.34,-55.34,,2025-06-01
2025-06-16,ELECTRONLOJAS AMERI,-11.99,-11.99,,2025-06-01
2025-06-16,ELECTRONMAGAZINE DO,-45.0,-45.0,,2025-06-01
2025-06-16,ELECTRONMILKY MOOO,-27.0,-27.0,,2025-06-01
2025-06-16,ELECTRONMP*MPPAULOV,-5.0,-5.0,,2025-06-01
2025-06-16,ELECTRONNEO GEO WOR,-105.0,-105.0,,2025-06-01
2025-06-16,ELECTRONNM PIZZARIA,-37.9,-37.9,,2025-06-01
2025-06-16,ELECTRONNM PIZZARIA,-12.0,-12.0,,2025-06-01
2025-06-16,ELECTRONPADARIA DEL,-75.88,-75.88,,2025-06-01
2025-06-16,ELECTRONRM MASSAS C,-80.48,-80.48,,2025-06-01
2025-06-16,ELECTRONRRJ BANANAS,-20.0,-20.0,,2025-06-01
2025-06-16,ELECTRONWAGNER OVOS,-30.0,-30.0,,2025-06-01
2025-06-16,PIX QRS CEA PAY FUN16/06,-211.81,-211.81,,2025-06-01
2025-06-16,PIX QRS Uber14/06,-13.46,-13.46,,2025-06-01
2025-06-16,PIX QRS Uber14/06,-19.99,-19.99,,2025-06-01
2025-06-16,PIX QRS Uber15/06,-14.19,-14.19,,2025-06-01
2025-06-16,PIX TRANSF  ANDRE N14/06,-50.0,-50.0,,2025-06-01
2025-06-16,PIX TRANSF  IMW 3 R15/06,-200.0,-200.0,,2025-06-01
2025-06-16,INT ITAU VISA,-1514.57,-1514.57,,2025-06-01
2025-06-16,DA  CLARO CELULAR  64592,-160.24,-160.24,,2025-06-01
2025-06-16,DA  ELETROPAULO 11701161,-106.52,-106.52,,2025-06-01
2025-06-16,REND PAGO APLIC AUT MAIS,0.76,0.76,,2025-06-01
2025-06-16,SDO CTA/APL AUTOMATICAS,,,11917.52,2025-06-01
2025-06-17,ELECTRONPAES E DOCE,-9.0,-9.0,,2025-06-01
2025-06-17,ELECTRONPERTO,-30.0,-30.0,,2025-06-01
2025-06-17,ELECTRONReginaldoca,-8.0,-8.0,,2025-06-01
2025-06-17,ELECTRONRESTAURANTE,-37.0,-37.0,,2025-06-01
2025-06-17,PIX TRANSF  CAIXA E17/06,228.58,228.58,,2025-06-01
2025-06-17,PIX TRANSF  Luiz Gu17/06,50.0,50.0,,2025-06-01
2025-06-17,SDO CTA/APL AUTOMATICAS,,,12112.1,2025-06-01
2025-06-18,PIX TRANSF  AGEMIW18/06,-100.82,-100.82,,2025-06-01
2025-06-18,PIX TRANSF  EDMILSO18/06,-48.0,-48.0,,2025-06-01
2025-06-18,REND PAGO APLIC AUT MAIS,0.01,0.01,,2025-06-01
2025-06-18,SDO CTA/APL AUTOMATICAS,,,11963.29,2025-06-01
2025-06-20,ELECTRONAndreiaMari,-15.0,-15.0,,2025-06-01
2025-06-20,ELECTRONDELICIAS DE,-80.0,-80.0,,2025-06-01
2025-06-20,ELECTRONLUIZ ANTONI,-46.0,-46.0,,2025-06-01
2025-06-20,ELECTRONMINI EXTRA-,-34.38,-34.38,,2025-06-01
2025-06-20,ELECTRONPadariaChar,-34.19,-34.19,,2025-06-01
2025-06-20,ELECTRONREAL BRASIL,-18.0,-18.0,,2025-06-01
2025-06-20,ELECTRONSABOR DO PA,-45.0,-45.0,,2025-06-01
2025-06-20,PIX QRS SHPP BRASIL19/06,-41.9,-41.9,,2025-06-01
2025-06-20,PIX TRANSF  Sebasti19/06,-10.0,-10.0,,2025-06-01
2025-06-20,PIX TRANSF  Iego Ke20/06,50.0,50.0,,2025-06-01
2025-06-20,PIX TRANSF  JONY AL20/06,15.0,15.0,,2025-06-01
2025-06-20,PIX TRANSF  LUCIANO20/06,20.0,20.0,,2025-06-01
2025-06-20,PIX TRANSF  SMART A19/06,50.0,50.0,,2025-06-01
2025-06-20,DA  CLARO RESID 75680788,-245.71,-245.71,,2025-06-01
2025-06-20,REND PAGO APLIC AUT MAIS,0.02,0.02,,2025-06-01
2025-06-20,SDO CTA/APL AUTOMATICAS,,,11528.13,2025-06-01
2025-06-23,FINANC IMOBILIARIO   039,-2753.29,-2753.29,,2025-06-01
2025-06-23,ELECTRONBarracaDoCu,-5.0,-5.0,,2025-06-01
2025-06-23,ELECTRONBANANAS ANA,-15.0,-15.0,,2025-06-01
2025-06-23,ELECTRONCarlosDiyod,-10.0,-10.0,,2025-06-01
2025-06-23,ELECTRONCASSIO ANDR,-15.0,-15.0,,2025-06-01
2025-06-23,ELECTRONFRIGOMUNDO,-61.9,-61.9,,2025-06-01
2025-06-23,ELECTRONMERCADOPAGO,-60.0,-60.0,,2025-06-01
2025-06-23,ELECTRONMERCADOPAGO,-10.0,-10.0,,2025-06-01
2025-06-23,ELECTRONMINI EXTRA-,-16.79,-16.79,,2025-06-01
2025-06-23,ELECTRONMINI EXTRA-,-47.15,-47.15,,2025-06-01
2025-06-23,ELECTRONPATRICIAPER,-12.0,-12.0,,2025-06-01
2025-06-23,ELECTRONRobinson,-17.0,-17.0,,2025-06-01
2025-06-23,ELECTRONRosileneDaS,-5.0,-5.0,,2025-06-01
2025-06-23,PIX QRS UBER DO BRA21/06,-12.73,-12.73,,2025-06-01
2025-06-23,PIX QRS UBER DO BRA21/06,-12.69,-12.69,,2025-06-01
2025-06-23,PIX QRS UBER DO BRA21/06,-13.47,-13.47,,2025-06-01
2025-06-23,PIX QRS UBER DO BRA22/06,-12.7,-12.7,,2025-06-01
2025-06-23,PIX QRS UBER DO BRA22/06,-0.62,-0.62,,2025-06-01
2025-06-23,PIX TRANSF  MARIA A21/06,-69.0,-69.0,,2025-06-01
2025-06-23,DEV PIX UBER DO BRA21/06,12.73,12.73,,2025-06-01
2025-06-23,PIX TRANSF  MICHELL21/06,38.0,38.0,,2025-06-01
2025-06-23,PIX TRANSF  MOLIKY 23/06,35.0,35.0,,2025-06-01
2025-06-23,DA  COMGAS 51448254,-426.07,-426.07,,2025-06-01
2025-06-23,REND PAGO APLIC AUT MAIS,0.14,0.14,,2025-06-01
2025-06-23,SDO CTA/APL AUTOMATICAS,,,8038.59,2025-06-01
2025-06-24,ELECTRONMAGAZINE DO,-2.0,-2.0,,2025-06-01
2025-06-24,SDO CTA/APL AUTOMATICAS,,,8036.59,2025-06-01
2025-06-25,ELECTRONBB TRANSPOR,-30.0,-30.0,,2025-06-01
2025-06-25,ELECTRONMARIA CELIA,-18.0,-18.0,,2025-06-01
2025-06-25,ELECTRONPAES E DOCE,-8.99,-8.99,,2025-06-01
2025-06-25,ELECTRONPERTO,-30.0,-30.0,,2025-06-01
2025-06-25,ELECTRONPERTO,-50.0,-50.0,,2025-06-01
2025-06-25,ELECTRONQUINTA DO C,-107.59,-107.59,,2025-06-01
2025-06-25,PIX TRANSF  REAL BR25/06,-800.0,-800.0,,2025-06-01
2025-06-25,REND PAGO APLIC AUT MAIS,0.03,0.03,,2025-06-01
2025-06-25,SDO CTA/APL AUTOMATICAS,,,6992.04,2025-06-01
2025-06-26,SDO CTA/APL AUTOMATICAS,,,6992.04,2025-06-01
2025-06-27,ELECTRONREAL BRASIL,-12.0,-12.0,,2025-06-01
2025-06-27,SDO CTA/APL AUTOMATICAS,,,6980.04,2025-06-01
2025-06-30,ELECTRONCANTINA DO,-22.0,-22.0,,2025-06-01
2025-06-30,PIX TRANSF  DORALIC28/06,-70.0,-70.0,,2025-06-01
2025-06-30,PIX TRANSF  AGDA CA28/06,20.0,20.0,,2025-06-01
2025-06-30,PIX TRANSF  DEBORA 28/06,20.0,20.0,,2025-06-01
2025-06-30,PIX TRANSF  ILSON D28/06,20.0,20.0,,2025-06-01
2025-06-30,PIX TRANSF  JONY AL28/06,15.0,15.0,,2025-06-01
2025-06-30,SALDO DO DIA,,,6963.04,2025-06-01
2025-06-30,SALDO ANTERIOR,,,6963.04,2025-07-01
2025-07-01,PIX TRANSF  LUCIANO01/07,50.0,50.0,,2025-07-01
2025-07-01,SABESP      3082129325,-377.76,-377.76,,2025-07-01
2025-07-01,REND PAGO APLIC AUT MAIS,0.02,0.02,,2025-07-01
2025-07-01,SDO CTA/APL AUTOMATICAS,,,6635.3,2025-07-01
2025-07-02,ELECTRONLanchoneteF,-40.0,-40.0,,2025-07-01
2025-07-02,PIX QRS UBER DO BRA02/07,-14.21,-14.21,,2025-07-01
2025-07-02,PIX QRS UBER DO BRA02/07,-1.56,-1.56,,2025-07-01
2025-07-02,TAR PACOTE ITAU   JUN/25,-92.5,-92.5,,2025-07-01
2025-07-02,REND PAGO APLIC AUT MAIS,0.01,0.01,,2025-07-01
2025-07-02,SDO CTA/APL AUTOMATICAS,,,6487.04,2025-07-01
2025-07-03,ELECTRONPAES E DOCE,-16.99,-16.99,,2025-07-01
2025-07-03,ELECTRONRESTAURANTE,-32.0,-32.0,,2025-07-01
2025-07-03,PIX TRANSF  MICHELL03/07,1000.0,1000.0,,2025-07-01
2025-07-03,SDO CTA/APL AUTOMATICAS,,,7438.05,2025-07-01
2025-07-04,ELECTRONLUIZ ANTONI,-52.5,-52.5,,2025-07-01
2025-07-04,PAGTO SALARIO,2548.78,2548.78,,2025-07-01
2025-07-04,SDO CTA/APL AUTOMATICAS,,,9934.33,2025-07-01
2025-07-07,ELECTRONBarracaDoCu,-5.0,-5.0,,2025-07-01
2025-07-07,ELECTRONBANANAS ANA,-15.0,-15.0,,2025-07-01
2025-07-07,ELECTRONCASA DE BOL,-14.0,-14.0,,2025-07-01
2025-07-07,ELECTRONCASA DO NOR,-166.73,-166.73,,2025-07-01
2025-07-07,ELECTRONCASSIO ANDR,-47.0,-47.0,,2025-07-01
2025-07-07,ELECTRONDA PRACA ZO,-38.72,-38.72,,2025-07-01
2025-07-07,ELECTRONFRIGOMUNDO,-2.83,-2.83,,2025-07-01
2025-07-07,ELECTRONMERCADOPAGO,-16.0,-16.0,,2025-07-01
2025-07-07,ELECTRONMINI EXTRA-,-65.34,-65.34,,2025-07-01
2025-07-07,ELECTRONOrielPereir,-44.0,-44.0,,2025-07-01
2025-07-07,ELECTRONRS AVILA,-57.08,-57.08,,2025-07-01
2025-07-07,ELECTRONThiemiComer,-18.5,-18.5,,2025-07-01
2025-07-07,PAG BOLETO  CONDOMINIO E,-729.63,-729.63,,2025-07-01
2025-07-07,PIX QRS UBER DO BRA06/07,-14.33,-14.33,,2025-07-01
2025-07-07,PIX QRS UBER DO BRA06/07,-14.33,-14.33,,2025-07-01
2025-07-07,PIX TRANSF  IMW 3 R07/07,-25.0,-25.0,,2025-07-01
2025-07-07,PIX TRANSF  IMW 3 R07/07,-200.1,-200.1,,2025-07-01
2025-07-07,PIX TRANSF  Leonard06/07,-25.0,-25.0,,2025-07-01
2025-07-07,PIX TRANSF  REAL BR07/07,-130.0,-130.0,,2025-07-01
2025-07-07,DEV PIX UBER DO BRA06/07,14.33,14.33,,2025-07-01
2025-07-07,DA  CLARO CELULAR  68279,-52.95,-52.95,,2025-07-01
2025-07-07,REND PAGO APLIC AUT MAIS,0.18,0.18,,2025-07-01
2025-07-07,SDO CTA/APL AUTOMATICAS,,,8267.3,2025-07-01
2025-07-08,ELECTRONTREMBALA CO,-24.9,-24.9,,2025-07-01
2025-07-08,PIX TRANSF  ELIAS R08/07,-30.0,-30.0,,2025-07-01
2025-07-08,SDO CTA/APL AUTOMATICAS,,,8212.4,2025-07-01
2025-07-10,ELECTRONBOTECO VARA,-21.8,-21.8,,2025-07-01
2025-07-10,ELECTRONDAMACIO PER,-6.95,-6.95,,2025-07-01
2025-07-10,ELECTRONDIA BRASIL,-73.22,-73.22,,2025-07-01
2025-07-10,ELECTRONFRIGOMUNDO,-50.78,-50.78,,2025-07-01
2025-07-10,ELECTRONFRIGOMUNDO,-47.3,-47.3,,2025-07-01
2025-07-10,ELECTRONIMPERIO MIN,-66.05,-66.05,,2025-07-01
2025-07-10,ELECTRONLOJAS AMERI,-87.95,-87.95,,2025-07-01
2025-07-10,ELECTRONMINI EXTRA-,-59.98,-59.98,,2025-07-01
2025-07-10,ELECTRONMINI EXTRA-,-10.89,-10.89,,2025-07-01
2025-07-10,ELECTRONPAES E DOCE,-4.99,-4.99,,2025-07-01
2025-07-10,ELECTRONPERTO,-30.0,-30.0,,2025-07-01
2025-07-10,ELECTRONPERTO,-50.0,-50.0,,2025-07-01
2025-07-10,ELECTRONSANTANA,-6.0,-6.0,,2025-07-01
2025-07-10,PAGTO FERIAS,5651.3,5651.3,,2025-07-01
2025-07-10,REND PAGO APLIC AUT MAIS,0.03,0.03,,2025-07-01
2025-07-10,PIX TRANSF  MAURINI09/07,50.0,50.0,,2025-07-01
2025-07-10,SEGURO CARTAO,-8.57,-8.57,,2025-07-01
2025-07-10,DEB AUTOR UNICEF,-85.0,-85.0,,2025-07-01
2025-07-10,SDO CTA/APL AUTOMATICAS,,,13304.25,2025-07-01
2025-07-11,ELECTRONGvd,-36.0,-36.0,,2025-07-01
2025-07-11,ELECTRONGvd,-35.0,-35.0,,2025-07-01
2025-07-11,ELECTRONMINI EXTRA-,-7.78,-7.78,,2025-07-01
2025-07-11,ELECTRONPAES E DOCE,-8.99,-8.99,,2025-07-01
2025-07-11,ELECTRONReginaldoca,-8.0,-8.0,,2025-07-01
2025-07-11,ELECTRONREAL BRASIL,-15.99,-15.99,,2025-07-01
2025-07-11,ELECTRONREAL BRASIL,-16.0,-16.0,,2025-07-01
2025-07-11,ELECTRONRESTAURANTE,-32.0,-32.0,,2025-07-01
2025-07-11,PIX TRANSF  Joao Pe11/07,10.0,10.0,,2025-07-01
2025-07-11,REND PAGO APLIC AUT MAIS,0.03,0.03,,2025-07-01
2025-07-11,SDO CTA/APL AUTOMATICAS,,,13154.52,2025-07-01
2025-07-14,ELECTRONBananas,-15.0,-15.0,,2025-07-01
2025-07-14,ELECTRONCarlosDiyod,-15.0,-15.0,,2025-07-01
2025-07-14,ELECTRONCASSIO ANDR,-24.0,-24.0,,2025-07-01
2025-07-14,ELECTRONFEIRANTES,-10.0,-10.0,,2025-07-01
2025-07-14,ELECTRONFRIGOMUNDO,-40.94,-40.94,,2025-07-01
2025-07-14,ELECTRONFRIGOMUNDO,-71.0,-71.0,,2025-07-01
2025-07-14,ELECTRONGvd,-65.0,-65.0,,2025-07-01
2025-07-14,ELECTRONIgreja Meto,-20.0,-20.0,,2025-07-01
2025-07-14,ELECTRONMINI EXTRA-,-29.68,-29.68,,2025-07-01
2025-07-14,ELECTRONMINI EXTRA-,-6.89,-6.89,,2025-07-01
2025-07-14,ELECTRONOrielPereir,-18.0,-18.0,,2025-07-01
2025-07-14,ELECTRONPONTO DA ES,-50.0,-50.0,,2025-07-01
2025-07-14,ELECTRONRobinson,-34.0,-34.0,,2025-07-01
2025-07-14,ELECTRONRobinson,-22.0,-22.0,,2025-07-01
2025-07-14,ELECTRONRosileneDaS,-19.0,-19.0,,2025-07-01
2025-07-14,ELECTRONThiemiComer,-18.5,-18.5,,2025-07-01
2025-07-14,PIX QRS UBER DO BRA13/07,-17.94,-17.94,,2025-07-01
2025-07-14,REND PAGO APLIC AUT MAIS,0.41,0.41,,2025-07-01
2025-07-14,SDO CTA/APL AUTOMATICAS,,,12677.98,2025-07-01
2025-07-15,ELECTRONATACADAO 06,-587.53,-587.53,,2025-07-01
2025-07-15,ELECTRONTEFER,-31.0,-31.0,,2025-07-01
2025-07-15,PIX QRS Antonio Fer15/07,-15.0,-15.0,,2025-07-01
2025-07-15,PIX QRS CEA PAY FUN15/07,-211.81,-211.81,,2025-07-01
2025-07-15,INT ITAU VISA,-1689.65,-1689.65,,2025-07-01
2025-07-15,PAGTO ADIANT SALARIAL,2140.22,2140.22,,2025-07-01
2025-07-15,DA  CLARO CELULAR  64592,-160.24,-160.24,,2025-07-01
2025-07-15,REND PAGO APLIC AUT MAIS,0.49,0.49,,2025-07-01
2025-07-15,SDO CTA/APL AUTOMATICAS,,,12123.46,2025-07-01
2025-07-16,SDO CTA/APL AUTOMATICAS,,,12123.46,2025-07-01
2025-07-17,ELECTRONCASA LOTERI,-50.54,-50.54,,2025-07-01
2025-07-17,ELECTRONCASA LOTERI,-20.22,-20.22,,2025-07-01
2025-07-17,ELECTRONMINI EXTRA-,-21.9,-21.9,,2025-07-01
2025-07-17,REND PAGO APLIC AUT MAIS,0.09,0.09,,2025-07-01
2025-07-17,SDO CTA/APL AUTOMATICAS,,,12030.89,2025-07-01
2025-07-18,ELECTRONCONSOR ESTA,-17.0,-17.0,,2025-07-01
2025-07-18,ELECTRONGUARULHOS S,-111.7,-111.7,,2025-07-01
2025-07-18,ELECTRONGUARULHOS S,-23.9,-23.9,,2025-07-01
2025-07-18,ELECTRONKFC,-42.9,-42.9,,2025-07-01
2025-07-18,ELECTRONPONTO DA ES,-51.0,-51.0,,2025-07-01
2025-07-18,PIX TRANSF  MICHELL18/07,50.0,50.0,,2025-07-01
2025-07-18,DA  ELETROPAULO 11701161,-124.4,-124.4,,2025-07-01
2025-07-18,REND PAGO APLIC AUT MAIS,0.33,0.33,,2025-07-01
2025-07-18,SDO CTA/APL AUTOMATICAS,,,11710.32,2025-07-01
2025-07-21,ELECTRONAUTO POSTO,-57.26,-57.26,,2025-07-01
2025-07-21,ELECTRONFRIGOMUNDO,-56.44,-56.44,,2025-07-01
2025-07-21,ELECTRONFRIGOMUNDO,-42.71,-42.71,,2025-07-01
2025-07-21,ELECTRONPadariaChar,-19.59,-19.59,,2025-07-01
2025-07-21,DA  CLARO RESID 75680788,-260.51,-260.51,,2025-07-01
2025-07-21,REND PAGO APLIC AUT MAIS,0.46,0.46,,2025-07-01
2025-07-21,SDO CTA/APL AUTOMATICAS,,,11274.27,2025-07-01
2025-07-22,ELECTRONLaysRosenoD,-40.0,-40.0,,2025-07-01
2025-07-22,ELECTRONMERCADOPAGO,-20.0,-20.0,,2025-07-01
2025-07-22,ELECTRONTREMBALA CO,-19.4,-19.4,,2025-07-01
2025-07-22,REND PAGO APLIC AUT MAIS,0.09,0.09,,2025-07-01
2025-07-22,SDO CTA/APL AUTOMATICAS,,,11194.96,2025-07-01
2025-07-23,FINANC IMOBILIARIO   040,-2751.99,-2751.99,,2025-07-01
2025-07-23,ELECTRONLUIZ ANTONI,-26.0,-26.0,,2025-07-01
2025-07-23,ELECTRONMINI EXTRA-,-22.96,-22.96,,2025-07-01
2025-07-23,ELECTRONRS AVILA,-29.77,-29.77,,2025-07-01
2025-07-23,REND PAGO APLIC AUT MAIS,2.86,2.86,,2025-07-01
2025-07-23,SDO CTA/APL AUTOMATICAS,,,8367.1,2025-07-01
2025-07-24,ELECTRONFRIGOMUNDO,-47.87,-47.87,,2025-07-01
2025-07-24,ELECTRONMAGAZINE DO,-15.0,-15.0,,2025-07-01
2025-07-24,ELECTRONMINI EXTRA-,-33.07,-33.07,,2025-07-01
2025-07-24,ELECTRONMINI EXTRA-,-20.99,-20.99,,2025-07-01
2025-07-24,DA  COMGAS 51448254,-311.88,-311.88,,2025-07-01
2025-07-24,REND PAGO APLIC AUT MAIS,0.04,0.04,,2025-07-01
2025-07-24,SDO CTA/APL AUTOMATICAS,,,7938.33,2025-07-01
2025-07-25,SAQUE BANCO24H283607480,-20.0,-20.0,,2025-07-01
2025-07-25,ELECTRONCHIQUINHO S,-23.0,-23.0,,2025-07-01
2025-07-25,ELECTRONCLARO INT G,-10.0,-10.0,,2025-07-01
2025-07-25,ELECTRONSTAR 111  S,-22.9,-22.9,,2025-07-01
2025-07-25,PIX QRS UBER DO BRA25/07,-22.74,-22.74,,2025-07-01
2025-07-25,REND PAGO APLIC AUT MAIS,0.01,0.01,,2025-07-01
2025-07-25,SDO CTA/APL AUTOMATICAS,,,7839.7,2025-07-01
2025-07-28,PIX QRS RECEITA FED28/07,-219.82,-219.82,,2025-07-01
2025-07-28,PIX QRS UBER DO BRA26/07,-18.73,-18.73,,2025-07-01
2025-07-28,PIX TRANSF  ELIZABE28/07,-1000.0,-1000.0,,2025-07-01
2025-07-28,PIX TRANSF  IMW 3 R27/07,-100.1,-100.1,,2025-07-01
2025-07-28,REND PAGO APLIC AUT MAIS,0.15,0.15,,2025-07-01
2025-07-28,SDO CTA/APL AUTOMATICAS,,,6501.2,2025-07-01
2025-07-29,ELECTRONPERTO,-30.0,-30.0,,2025-07-01
2025-07-29,PIX TRANSF  SAFIRA 29/07,-700.0,-700.0,,2025-07-01
2025-07-29,REND PAGO APLIC AUT MAIS,0.09,0.09,,2025-07-01
2025-07-29,SDO CTA/APL AUTOMATICAS,,,5771.29,2025-07-01
2025-07-30,PIX TRANSF  EDMILSO30/07,-12.0,-12.0,,2025-07-01
2025-07-30,PIX TRANSF  Jose De30/07,-10.0,-10.0,,2025-07-01
2025-07-30,SDO CTA/APL AUTOMATICAS,,,5749.29,2025-07-01
2025-07-31,PIX TRANSF  ANDRE N31/07,-30.0,-30.0,,2025-07-01
2025-07-31,SDO CTA/APL AUTOMATICAS,,,5719.29,2025-07-01
2025-07-31,SALDO DO DIA,,,5719.29,2025-07-01
2025-07-31,SALDO ANTERIOR,,,5719.29,2025-08-01
2025-08-01,PIX TRANSF  MICHELL01/08,1000.0,1000.0,,2025-08-01
2025-08-01,SABESP      3082129325,-257.32,-257.32,,2025-08-01
2025-08-01,SABESP      3082129325,-377.76,-377.76,,2025-08-01
2025-08-01,SDO CTA/APL AUTOMATICAS,,,6084.21,2025-08-01
2025-08-04,ELECTRONCENTURY PAE,-45.91,-45.91,,2025-08-01
2025-08-04,ELECTRONFRIGOMUNDO,-68.65,-68.65,,2025-08-01
2025-08-04,ELECTRONPADARIA JD,-61.91,-61.91,,2025-08-01
2025-08-04,ELECTRONPONTO DA ES,-44.0,-44.0,,2025-08-01
2025-08-04,ELECTRONQUITANDA E,-13.9,-13.9,,2025-08-01
2025-08-04,ELECTRONSALGADO E A,-12.9,-12.9,,2025-08-01
2025-08-04,PIX QRS ARCOS DOURA02/08,-86.8,-86.8,,2025-08-01
2025-08-04,PIX QRS IFOOD.COM A03/08,-119.89,-119.89,,2025-08-01
2025-08-04,PIX QRS UBER DO BRA03/08,-14.17,-14.17,,2025-08-01
2025-08-04,PIX QRS UBER DO BRA03/08,-20.23,-20.23,,2025-08-01
2025-08-04,PIX TRANSF  Bruno R03/08,-10.0,-10.0,,2025-08-01
2025-08-04,PIX TRANSF  MICHELL02/08,60.0,60.0,,2025-08-01
2025-08-04,TAR PACOTE ITAU   JUL/25,-92.5,-92.5,,2025-08-01
2025-08-04,REND PAGO APLIC AUT MAIS,0.4,0.4,,2025-08-01
2025-08-04,SDO CTA/APL AUTOMATICAS,,,5553.75,2025-08-01
2025-08-05,ELECTRONSALGADO E A,-37.66,-37.66,,2025-08-01
2025-08-05,ELECTRONSALGADO E A,-43.5,-43.5,,2025-08-01
2025-08-05,PIX QRS UBER DO BRA05/08,-19.43,-19.43,,2025-08-01
2025-08-05,PAGTO SALARIO,1394.59,1394.59,,2025-08-01
2025-08-05,DA  CLARO CELULAR  68279,-52.95,-52.95,,2025-08-01
2025-08-05,SDO CTA/APL AUTOMATICAS,,,6794.8,2025-08-01
2025-08-06,ELECTRONSALGADO E A,-39.1,-39.1,,2025-08-01
2025-08-06,PIX QRS ANDRE NASCI06/08,-100.0,-100.0,,2025-08-01
2025-08-06,PIX TRANSF  Andre N06/08,-100.0,-100.0,,2025-08-01
2025-08-06,REND PAGO APLIC AUT MAIS,0.03,0.03,,2025-08-01
2025-08-06,SDO CTA/APL AUTOMATICAS,,,6555.73,2025-08-01
2025-08-07,ELECTRONCB HCS SANT,-18.9,-18.9,,2025-08-01
2025-08-07,ELECTRONCENTURY PAE,-51.33,-51.33,,2025-08-01
2025-08-07,ELECTRONSALGADO E A,-26.8,-26.8,,2025-08-01
2025-08-07,REND PAGO APLIC AUT MAIS,0.02,0.02,,2025-08-01
2025-08-07,SDO CTA/APL AUTOMATICAS,,,6458.72,2025-08-01
2025-08-08,ELECTRONSALGADO E A,-38.8,-38.8,,2025-08-01
2025-08-08,ELECTRONSALGADO E A,-25.9,-25.9,,2025-08-01
2025-08-08,ELECTRONSALGADO E A,-12.9,-12.9,,2025-08-01
2025-08-08,PAG BOLETO  CONDOMINIO E,-729.63,-729.63,,2025-08-01
2025-08-08,REND PAGO APLIC AUT MAIS,0.14,0.14,,2025-08-01
2025-08-08,SDO CTA/APL AUTOMATICAS,,,5651.63,2025-08-01
2025-08-11,ELECTRONCARREFOUR X,-78.79,-78.79,,2025-08-01
2025-08-11,ELECTRONCENTURY PAE,-9.95,-9.95,,2025-08-01
2025-08-11,ELECTRONCENTURY PAE,-51.55,-51.55,,2025-08-01
2025-08-11,ELECTRONFRIGOMUNDO,-56.18,-56.18,,2025-08-01
2025-08-11,ELECTRONMUNDOMED DR,-8.69,-8.69,,2025-08-01
2025-08-11,ELECTRONNMBlessedMo,-28.0,-28.0,,2025-08-01
2025-08-11,ELECTRONPOINT SANTA,-51.9,-51.9,,2025-08-01
2025-08-11,ELECTRONSALGADO E A,-12.9,-12.9,,2025-08-01
2025-08-11,ELECTRONSALGADO E A,-13.7,-13.7,,2025-08-01
2025-08-11,ELECTRON34392306Cle,-20.0,-20.0,,2025-08-01
2025-08-11,PIX TRANSF  ANDRE N10/08,-100.0,-100.0,,2025-08-01
2025-08-11,PIX TRANSF  REAL BR09/08,-130.0,-130.0,,2025-08-01
2025-08-11,SEGURO CARTAO,-8.57,-8.57,,2025-08-01
2025-08-11,REND PAGO APLIC AUT MAIS,0.54,0.54,,2025-08-01
2025-08-11,SDO CTA/APL AUTOMATICAS,,,5081.94,2025-08-01
2025-08-12,ELECTRONCENTURY PAE,-24.85,-24.85,,2025-08-01
2025-08-12,ELECTRONFRIGOMUNDO,-3.5,-3.5,,2025-08-01
2025-08-12,ELECTRONMINI EXTRA-,-23.16,-23.16,,2025-08-01
2025-08-12,ELECTRONPERTO,-30.0,-30.0,,2025-08-01
2025-08-12,PIX QRS UBER DO BRA12/08,-1.55,-1.55,,2025-08-01
2025-08-12,PIX QRS UBER DO BRA12/08,-5.21,-5.21,,2025-08-01
2025-08-12,REND PAGO APLIC AUT MAIS,0.09,0.09,,2025-08-01
2025-08-12,SDO CTA/APL AUTOMATICAS,,,4993.76,2025-08-01
2025-08-13,ELECTRONCENTURY PAE,-24.85,-24.85,,2025-08-01
2025-08-13,ELECTRONOXXO CAMILO,-78.26,-78.26,,2025-08-01
2025-08-13,ELECTRONSALGADO E A,-29.4,-29.4,,2025-08-01
2025-08-13,PIX QRS CEA PAY FUN13/08,-78.13,-78.13,,2025-08-01
2025-08-13,REND PAGO APLIC AUT MAIS,0.21,0.21,,2025-08-01
2025-08-13,SDO CTA/APL AUTOMATICAS,,,4783.33,2025-08-01
2025-08-14,ELECTRONATACADAO 06,-411.09,-411.09,,2025-08-01
2025-08-14,ELECTRONGALPAO GAUC,-100.0,-100.0,,2025-08-01
2025-08-14,ELECTRONOXXO CAMILO,-18.99,-18.99,,2025-08-01
2025-08-14,ELECTRONSALGADO E A,-60.3,-60.3,,2025-08-01
2025-08-14,PIX QRS UBER DO BRA14/08,-14.94,-14.94,,2025-08-01
2025-08-14,REND PAGO APLIC AUT MAIS,0.65,0.65,,2025-08-01
2025-08-14,SDO CTA/APL AUTOMATICAS,,,4178.66,2025-08-01
2025-08-15,INT ITAU VISA,-1678.37,-1678.37,,2025-08-01
2025-08-15,PAGTO ADIANT SALARIAL,4280.44,4280.44,,2025-08-01
2025-08-15,DA  CLARO CELULAR  64592,-160.24,-160.24,,2025-08-01
2025-08-15,DEB AUTOR UNICEF,-85.0,-85.0,,2025-08-01
2025-08-15,SDO CTA/APL AUTOMATICAS,,,6535.49,2025-08-01
2025-08-18,ELECTRONAdrianaDaSi,-3.0,-3.0,,2025-08-01
2025-08-18,ELECTRONBarracaDoCu,-17.0,-17.0,,2025-08-01
2025-08-18,ELECTRONBANANAS ANA,-15.0,-15.0,,2025-08-01
2025-08-18,ELECTRONCarlosDiyod,-5.0,-5.0,,2025-08-01
2025-08-18,ELECTRONCASSIO ANDR,-10.0,-10.0,,2025-08-01
2025-08-18,ELECTRONFRIGOMUNDO,-66.52,-66.52,,2025-08-01
2025-08-18,ELECTRONGILDASIO AL,-15.0,-15.0,,2025-08-01
2025-08-18,ELECTRONMERCADOPAGO,-20.0,-20.0,,2025-08-01
2025-08-18,ELECTRONMERCADOPAGO,-9.0,-9.0,,2025-08-01
2025-08-18,ELECTRONNM PIZZARIA,-37.9,-37.9,,2025-08-01
2025-08-18,ELECTRONOrielPereir,-10.0,-10.0,,2025-08-01
2025-08-18,ELECTRONOrielPereir,-40.0,-40.0,,2025-08-01
2025-08-18,ELECTRONPONTO DA ES,-52.0,-52.0,,2025-08-01
2025-08-18,ELECTRONRobsonRamos,-10.0,-10.0,,2025-08-01
2025-08-18,ELECTRONRS AVILA,-27.41,-27.41,,2025-08-01
2025-08-18,ELECTRONThiemiComer,-37.0,-37.0,,2025-08-01
2025-08-18,PIX QRS SHPP BRASIL18/08,-17.0,-17.0,,2025-08-01
2025-08-18,PIX TRANSF  ANDRE N18/08,-50.0,-50.0,,2025-08-01
2025-08-18,PIX TRANSF  MICHELL16/08,50.0,50.0,,2025-08-01
2025-08-18,DA  ELETROPAULO 11701161,-111.93,-111.93,,2025-08-01
2025-08-18,REND PAGO APLIC AUT MAIS,0.58,0.58,,2025-08-01
2025-08-18,SDO CTA/APL AUTOMATICAS,,,6032.31,2025-08-01
2025-08-19,ELECTRONFRIGOMUNDO,-40.85,-40.85,,2025-08-01
2025-08-19,PIX TRANSF  Jose De19/08,-10.0,-10.0,,2025-08-01
2025-08-19,REND PAGO APLIC AUT MAIS,0.06,0.06,,2025-08-01
2025-08-19,SDO CTA/APL AUTOMATICAS,,,5981.52,2025-08-01
2025-08-20,ELECTRONFRIGOMUNDO,-20.18,-20.18,,2025-08-01
2025-08-20,PIX TRANSF  LAYS RO20/08,-40.0,-40.0,,2025-08-01
2025-08-20,DA  CLARO RESID 75680788,-258.65,-258.65,,2025-08-01
2025-08-20,REND PAGO APLIC AUT MAIS,0.39,0.39,,2025-08-01
2025-08-20,SDO CTA/APL AUTOMATICAS,,,5663.08,2025-08-01
2025-08-21,ELECTRONCelioperrei,-20.0,-20.0,,2025-08-01
2025-08-21,ELECTRONFRIGOMUNDO,-60.93,-60.93,,2025-08-01
2025-08-21,ELECTRONMINI EXTRA-,-56.18,-56.18,,2025-08-01
2025-08-21,PIX TRANSF  BRUNO M21/08,-210.0,-210.0,,2025-08-01
2025-08-21,REND PAGO APLIC AUT MAIS,0.45,0.45,,2025-08-01
2025-08-21,SDO CTA/APL AUTOMATICAS,,,5316.42,2025-08-01
2025-08-22,ELECTRONKFC SHOP BO,-19.9,-19.9,,2025-08-01
2025-08-22,ELECTRONPadariaChar,-43.76,-43.76,,2025-08-01
2025-08-22,REND PAGO APLIC AUT MAIS,0.08,0.08,,2025-08-01
2025-08-22,SDO CTA/APL AUTOMATICAS,,,5252.84,2025-08-01
2025-08-25,FINANC IMOBILIARIO   041,-2750.73,-2750.73,,2025-08-01
2025-08-25,ELECTRONCarlosDiyod,-10.0,-10.0,,2025-08-01
2025-08-25,ELECTRONCASSIO ANDR,-19.0,-19.0,,2025-08-01
2025-08-25,ELECTRONCENTURY PAE,-69.08,-69.08,,2025-08-01
2025-08-25,ELECTRONCLAUDIO BEL,-10.0,-10.0,,2025-08-01
2025-08-25,ELECTRONEstacaoDasB,-10.99,-10.99,,2025-08-01
2025-08-25,ELECTRONFRIGOMUNDO,-28.78,-28.78,,2025-08-01
2025-08-25,ELECTRONGILDASIO AL,-10.0,-10.0,,2025-08-01
2025-08-25,ELECTRONGILDO ANDRA,-4.0,-4.0,,2025-08-01
2025-08-25,ELECTRONIgreja Meto,-35.0,-35.0,,2025-08-01
2025-08-25,ELECTRONKempsSednyS,-10.0,-10.0,,2025-08-01
2025-08-25,ELECTRONMaureciRibe,-14.0,-14.0,,2025-08-01
2025-08-25,ELECTRONMINI EXTRA-,-30.22,-30.22,,2025-08-01
2025-08-25,ELECTRONMP *GILMAR1,-10.0,-10.0,,2025-08-01
2025-08-25,ELECTRONMP*ORIEL,-20.0,-20.0,,2025-08-01
2025-08-25,ELECTRONMUNDOMED DR,-64.45,-64.45,,2025-08-01
2025-08-25,ELECTRONPADARIA DEL,-43.99,-43.99,,2025-08-01
2025-08-25,ELECTRONRobinson,-40.0,-40.0,,2025-08-01
2025-08-25,ELECTRONRosileneDaS,-11.0,-11.0,,2025-08-01
2025-08-25,ELECTRONRM MASSAS C,-78.4,-78.4,,2025-08-01
2025-08-25,ELECTRONThiemiComer,-18.5,-18.5,,2025-08-01
2025-08-25,ELECTRONVERA CLEMEN,-10.0,-10.0,,2025-08-01
2025-08-25,PIX QRS TUNA PAGAME23/08,-91.99,-91.99,,2025-08-01
2025-08-25,PIX TRANSF  IMW 3 R24/08,-100.0,-100.0,,2025-08-01
2025-08-25,DA  COMGAS 51448254,-604.05,-604.05,,2025-08-01
2025-08-25,REND PAGO APLIC AUT MAIS,1.93,1.93,,2025-08-01
2025-08-25,SDO CTA/APL AUTOMATICAS,,,1160.59,2025-08-01
2025-08-26,PIX QRS UBER DO BRA26/08,-11.35,-11.35,,2025-08-01
2025-08-26,SDO CTA/APL AUTOMATICAS,,,1149.24,2025-08-01
2025-08-27,PIX QRS UBER DO BRA27/08,-30.38,-30.38,,2025-08-01
2025-08-27,PIX QRS UBER DO BRA27/08,-33.97,-33.97,,2025-08-01
2025-08-27,PIX TRANSF  ANDRE N27/08,-50.0,-50.0,,2025-08-01
2025-08-27,DEV PIX UBER DO BRA27/08,30.38,30.38,,2025-08-01
2025-08-27,SDO CTA/APL AUTOMATICAS,,,1065.27,2025-08-01
2025-08-28,PIX TRANSF  Diego M28/08,-17.0,-17.0,,2025-08-01
2025-08-28,PIX TRANSF  LUCIANO28/08,-10.0,-10.0,,2025-08-01
2025-08-28,SDO CTA/APL AUTOMATICAS,,,1038.27,2025-08-01
2025-08-29,SDO CTA/APL AUTOMATICAS,,,1038.27,2025-08-01
2025-08-29,SALDO ANTERIOR,,,1038.27,2025-09-01
2025-09-01,ELECTRONPADARIA DEL,-87.98,-87.98,,2025-09-01
2025-09-01,ELECTRONSUPER MERCA,-130.58,-130.58,,2025-09-01
2025-09-01,PIX QRS UBER DO BRA31/08,-22.67,-22.67,,2025-09-01
2025-09-01,PIX TRANSF  MICHELL01/09,1000.0,1000.0,,2025-09-01
2025-09-01,SABESP      3082129325,-287.43,-287.43,,2025-09-01
2025-09-01,SDO CTA/APL AUTOMATICAS,,,1509.61,2025-09-01
2025-09-02,PIX QRS UBER DO BRA02/09,-21.97,-21.97,,2025-09-01
2025-09-02,TAR PACOTE ITAU   AGO/25,-92.5,-92.5,,2025-09-01
2025-09-02,REND PAGO APLIC AUT MAIS,0.01,0.01,,2025-09-01
2025-09-02,SDO CTA/APL AUTOMATICAS,,,1395.15,2025-09-01
2025-09-03,ELECTRONAdolfoOchse,-10.0,-10.0,,2025-09-01
2025-09-03,ELECTRONBB TRANSPOR,-30.0,-30.0,,2025-09-01
2025-09-03,ELECTRONDROGARIA SA,-102.65,-102.65,,2025-09-01
2025-09-03,ELECTRONSHOPPING IG,-42.4,-42.4,,2025-09-01
2025-09-03,REND PAGO APLIC AUT MAIS,0.02,0.02,,2025-09-01
2025-09-03,SDO CTA/APL AUTOMATICAS,,,1210.12,2025-09-01
2025-09-04,ELECTRONMP*CHURROSD,-12.0,-12.0,,2025-09-01
2025-09-04,ELECTRONMP*MERCADI2,-26.5,-26.5,,2025-09-01
2025-09-04,ELECTRONOGGI SORVET,-13.19,-13.19,,2025-09-01
2025-09-04,PIX QRS UBER DO BRA04/09,-16.93,-16.93,,2025-09-01
2025-09-04,PIX TRANSF  LUCIANO04/09,-10.0,-10.0,,2025-09-01
2025-09-04,REND PAGO APLIC AUT APR,0.01,0.01,,2025-09-01
2025-09-04,SDO CTA/APL AUTOMATICAS,,,1131.51,2025-09-01
2025-09-05,PAGTO SALARIO,2548.78,2548.78,,2025-09-01
2025-09-05,SALDO DO DIA,,,2549.78,2025-09-01
2025-09-05,DA  CLARO CELULAR  68279,-62.95,-62.95,,2025-09-01
2025-09-10,PAG BOLETO  PAG TIT BANC,-729.63,-729.63,,2025-09-01
2025-09-10,DEB AUTOR UNICEF,-85.0,-85.0,,2025-09-01
2025-09-15,PAGTO ADIANT SALARIAL,4280.44,4280.44,,2025-09-01
2025-09-10,DA  CLARO CELULAR  64592,-160.24,-160.24,,2025-09-01
2025-09-15,INT ITAU VISA,-1800.0,-1800.0,,2025-09-01
2025-09-15,DA  ELETROPAULO 11701161,-115.98,-115.98,,2025-09-01
2025-09-15,DA  CLARO RESID 75680788,-236.51,-236.51,,2025-09-01
2025-09-15,FINANC IMOBILIARIO   037,-2756.06,-2756.06,,2025-09-01
2025-09-15,DA  COMGAS 51448254,-290.91,-290.91,,2025-09-01
2025-09-15,PIX TRANSF  REAL BR09/04,-130.0,-130.0,,2025-09-01
2025-09-15,PIX QRS CEA PAY FUN16/04,-205.05,-205.05,,2025-09-01
2025-09-15,SALDO DO DIA,,,257.8899999999999,2025-09-01
2025-09-30,SALDO ANTERIOR,,,0.0,2025-10-01
2025-10-01,SABESP      3082129325,-197.1,-197.1,,2025-10-01
2025-10-01,IOF,-62.25,-62.25,,2025-10-01
2025-10-01,TAR PACOTE ITAU   MAR/25,-92.5,-92.5,,2025-10-01
2025-10-01,DA  CLARO CELULAR  68279,-57.29,-57.29,,2025-10-01
2025-10-01,PAG BOLETO  PAG TIT BANC,-729.63,-729.63,,2025-10-01
2025-10-01,DEB AUTOR UNICEF,-85.0,-85.0,,2025-10-01
2025-10-15,DA  CLARO CELULAR  64592,-160.24,-160.24,,2025-10-01
2025-10-15,INT ITAU VISA,-1000.0,-1000.0,,2025-10-01
2025-10-15,DA  ELETROPAULO 11701161,-115.98,-115.98,,2025-10-01
2025-10-15,DA  CLARO RESID 75680788,-236.51,-236.51,,2025-10-01
2025-10-15,DA  COMGAS 51448254,-290.91,-290.91,,2025-10-01
2025-10-15,SALDO DO DIA,,,-3027.41,2025-10-01
2025-10-15,PIX MICHELLE,1000.0,1000.0,,2025-10-01
2025-10-30,SALDO DO DIA,,,-2027.41,2025-10-01
2025-10-30,SALDO ANTERIOR,,,0.0,2025-11-01
2025-11-01,SABESP      3082129325,-197.1,-197.1,,2025-11-01
2025-11-01,IOF,-62.25,-62.25,,2025-11-01
2025-11-01,TAR PACOTE ITAU   MAR/25,-92.5,-92.5,,2025-11-01
2025-11-01,DA  CLARO CELULAR  68279,-57.29,-57.29,,2025-11-01
2025-11-01,PAG BOLETO  PAG TIT BANC,-729.63,-729.63,,2025-11-01
2025-11-01,DEB AUTOR UNICEF,-85.0,-85.0,,2025-11-01
2025-11-15,DA  CLARO CELULAR  64592,-160.24,-160.24,,2025-11-01
2025-11-15,INT ITAU VISA,-800.0,-800.0,,2025-11-01
2025-11-15,DA  ELETROPAULO 11701161,-115.98,-115.98,,2025-11-01
2025-11-15,DA  CLARO RESID 75680788,-236.51,-236.51,,2025-11-01
2025-11-15,DA  COMGAS 51448254,-290.91,-290.91,,2025-11-01
2025-11-15,SALDO DO DIA,,,-2827.41,2025-11-01
2025-11-15,PIX MICHELLE,1000.0,1000.0,,2025-11-01
2025-11-30,SALDO DO DIA,,,-1827.41,2025-11-01
2025-11-30,SALDO ANTERIOR,,,0.0,2025-12-01
2025-12-01,SABESP      3082129325,-197.1,-197.1,,2025-12-01
2025-12-01,IOF,-62.25,-62.25,,2025-12-01
2025-12-01,TAR PACOTE ITAU   MAR/25,-92.5,-92.5,,2025-12-01
2025-12-01,DA  CLARO CELULAR  68279,-57.29,-57.29,,2025-12-01
2025-12-01,PAG BOLETO  PAG TIT BANC,-729.63,-729.63,,2025-12-01
2025-12-01,DEB AUTOR UNICEF,-85.0,-85.0,,2025-12-01
2025-12-15,DA  CLARO CELULAR  64592,-160.24,-160.24,,2025-12-01
2025-12-15,INT ITAU VISA,-800.0,-800.0,,2025-12-01
2025-12-15,DA  ELETROPAULO 11701161,-115.98,-115.98,,2025-12-01
2025-12-15,DA  CLARO RESID 75680788,-236.51,-236.51,,2025-12-01
2025-12-15,FINANC IMOBILIARIO   037,-2756.06,-2756.06,,2025-12-01
2025-12-15,DA  COMGAS 51448254,-290.91,-290.91,,2025-12-01
2025-12-15,SALDO DO DIA,,,-5583.47,2025-12-01
2025-12-15,PIX MICHELLE,1000.0,1000.0,,2025-12-01
2025-12-30,SALDO DO DIA,,,-4583.47,2025-12-01
